osmid,x,y,ref,highway
0,-122.4131655693054,37.77495501866911,,
1,-122.41162061691284,37.77623129538641,,
2,-122.40938901901247,37.777995149864225,,
10,-122.41372883319853,37.7754638359482,,
11,-122.41217851638794,37.77665106264782,,
12,-122.40995764732361,37.77842338702998,,
