dep_time,origin,destination
34113.6,6556,194393
24930.7,58513,36579
36559.1,177392,194161
40482.9,22790,154794
28632.4,7811,24561
23509.7,132475,157815
18668.7,52124,187700
34377.1,142853,109974
23555.1,154472,72926
38397.6,1703,198916
38306.6,183013,110785
26574.3,40758,56443
42121.8,88236,26793
20337.2,25353,94104
39356.9,158263,69342
38339.6,191294,120435
31512.9,99230,20656
31911.4,217423,164794
33586.7,94800,151349
22845.7,18233,12012
34663.8,202655,75861
42827.6,61024,26476
27579.2,118858,166640
39019.6,42638,97040
26952.8,175682,69986
35685.9,179187,169878
19799.3,166455,44862
31460.3,64175,42834
29649.0,70765,167772
35341.7,57570,179467
26171.9,201408,203423
19409.6,215430,8414
38287.2,105162,70186
19668.0,148682,188196
25929.9,171819,130870
27969.9,168519,120285
21600.4,36603,64651
36773.7,141289,68876
36824.7,112311,152969
28064.9,57493,36262
30840.1,23831,198123
19187.3,28743,40066
33811.6,207638,178384
28638.4,16653,100864
27616.8,122696,138704
24335.6,145024,3009
35143.1,30029,178706
40296.7,196838,69946
37368.7,89174,29242
25396.2,41460,118940
18081.8,189292,188659
24637.4,131225,199743
22502.0,27894,163918
25520.8,167496,133080
33346.0,40065,98019
37215.3,141394,204112
41245.3,149,157009
26168.7,5105,29325
41413.3,218016,211491
25749.4,15184,63143
40125.8,20645,22453
36444.1,213915,18143
42645.2,139645,200758
21169.2,172949,124592
41860.6,43287,69483
31297.4,159014,110923
42301.9,141373,197988
36394.3,52730,186895
25855.3,176078,170361
27410.2,135679,118354
21049.3,58903,16784
26519.8,154221,145207
23798.9,57728,1885
19789.0,165439,15433
23769.3,8234,86619
19785.6,62391,73001
34858.2,56160,141356
21334.3,149695,151050
29911.3,205683,123987
38348.9,49914,24726
20442.7,112997,92876
28674.2,122427,191122
19365.1,171299,169392
20480.1,105544,190896
26550.4,28644,65183
22828.1,140584,117601
21532.6,48100,73018
29658.2,19761,116164
38362.2,144264,25666
19274.8,141711,219159
18371.9,24448,197542
39387.1,43597,106539
30238.2,56032,105130
40741.6,43158,99345
18054.3,102346,69521
41348.3,205816,119277
25188.3,182607,191497
43084.7,145691,173505
36103.9,40579,49780
25477.0,15331,151828
36540.6,15979,196077
25902.8,13144,153138
30015.1,139231,41270
19433.4,133124,21000
39453.8,17962,155984
19712.6,61657,105847
21021.1,149336,64543
32588.8,10418,162367
20066.0,172326,153006
32243.7,82934,68358
23147.3,187745,82361
24014.9,103752,34308
34926.6,78642,119858
25967.7,197096,19016
18234.7,162833,147585
43101.6,19204,140937
23371.5,69520,34722
41518.1,18033,64037
27312.1,41352,114867
39010.4,184428,79303
33414.3,211576,171435
31329.3,175076,214198
31976.0,173903,27154
41661.0,35203,69328
20908.8,28058,194620
31941.2,71394,73860
33241.7,188117,89884
23130.7,166261,69201
30736.3,65829,221801
19280.1,166273,111037
38899.6,11557,929
26405.6,34293,167015
42690.9,42357,194309
29134.3,184986,112115
32134.9,29327,19724
41815.3,181146,39073
31748.9,218784,96787
32679.2,38821,112666
21211.6,80808,95591
40654.3,208698,10458
40652.9,55070,178799
24288.1,26946,92714
37658.9,106529,162702
36886.8,62059,42598
42600.4,212538,46413
40211.7,6497,47018
36561.4,87080,205097
41456.6,210301,175612
39774.4,212533,65055
24723.5,206405,183835
20724.0,10151,123388
23605.3,214063,120665
26811.4,215098,208495
39957.3,58438,6203
34632.8,104455,86051
25020.8,18198,202722
25033.9,168160,133537
28071.9,221160,140565
26345.0,7235,30236
40101.4,68475,46810
32630.9,69590,10028
20731.7,113918,90619
36359.3,82228,114398
33276.5,134066,30315
27706.9,151149,49828
24419.0,185803,114309
18042.6,211421,141151
35308.8,194497,193210
34899.8,95478,113062
19763.3,174125,86559
33703.5,173903,222302
21140.6,78727,132939
25794.0,107057,85506
28140.5,77504,145335
21207.7,110217,174307
41697.2,177554,196118
40750.7,161353,149187
25583.9,143638,218556
18010.2,75212,55098
28833.2,152039,159032
34498.6,121893,115811
29142.4,56020,134001
29924.3,208673,192927
22276.2,22228,74392
30989.4,165921,162335
26446.7,214544,196906
23918.7,81374,58888
38325.4,38627,6402
19164.6,124554,160241
39413.4,19091,119384
28443.9,165089,150908
22899.8,182545,100657
30458.3,63959,38684
34532.7,1453,196860
39683.1,27941,204058
28713.7,46107,210792
42140.7,135779,121778
19265.5,65325,222386
21058.2,34954,210086
29709.0,139233,146518
33005.4,197984,116017
33438.8,188553,132324
28753.9,143621,116893
40609.6,194944,124433
29341.8,197073,64812
39164.5,72695,200753
37597.4,127034,164298
24029.0,115309,20311
35981.3,61471,71228
26463.4,141597,21122
21487.0,60623,100410
35487.5,185183,56086
19618.6,106849,86738
31673.8,108992,16322
23212.2,110138,102099
40801.9,153112,182327
18492.2,200696,150913
27585.6,1545,92211
25525.0,102232,219081
28559.3,195956,192579
31762.5,158139,57812
30303.4,71548,114251
30238.2,101936,88114
34855.6,209228,105989
36249.4,220333,122523
41172.4,163120,140017
18679.6,103290,155161
32222.7,7104,22006
34197.3,35572,121031
22579.6,68198,99379
26249.3,119196,85680
26505.0,99385,72943
36950.6,218083,110510
24357.2,21471,123288
18488.5,141405,13653
43197.7,91740,58778
34383.6,204795,170853
19014.5,8134,64823
23023.9,5342,162879
21840.0,33088,124141
34870.4,147841,57138
29718.9,67172,201037
27296.2,158831,159186
42286.1,188313,30024
37600.4,42930,81536
20724.1,6731,81777
32510.1,98384,103980
41725.1,51990,19922
32920.9,217729,164427
24119.8,182764,202501
25599.9,179374,157394
38299.3,208726,148355
37722.4,91017,139655
28795.1,97142,18076
30750.2,89451,3316
39409.3,215569,128503
20659.6,94945,166614
40467.7,120517,185416
21855.4,46173,192360
31148.0,170513,70800
33521.0,141078,203067
30184.1,114183,216461
36421.9,70358,84490
39463.2,217771,22718
25029.0,118175,63927
36912.0,149382,159994
34838.3,88184,7523
30456.5,85200,47668
30286.3,93015,209146
24510.5,73310,156278
35669.8,72422,145697
18255.8,50084,22442
24082.2,106542,128077
31990.4,62999,181039
29997.5,186605,128665
29294.0,4520,24393
25414.7,106011,181347
24131.3,174053,152451
27299.3,145089,139177
26662.7,195542,144281
26335.9,184249,118946
24827.1,65903,60434
21040.5,50484,82719
21012.8,140473,199803
35392.1,50211,56723
36612.8,72482,189945
32857.6,199283,137530
33039.1,26352,218268
22891.8,59633,94602
22521.9,3708,185602
31460.2,71909,11931
42552.2,145059,76581
35574.9,33103,167213
39885.2,128680,26892
39992.5,150487,74537
29828.8,115466,89314
22646.0,13468,66185
41714.8,125233,29907
38717.3,105043,128908
19866.9,165005,179949
19350.9,39111,212636
32183.6,79648,22329
43046.7,31051,146295
37264.0,158942,156271
37926.7,59162,203343
31168.8,118099,116056
25493.3,154278,112415
25695.6,162798,15789
33362.7,194009,26013
41879.3,54470,163975
23317.8,173127,21282
21957.8,45564,144701
19891.6,701,107090
29352.7,155664,123184
25339.7,60680,75524
35815.3,184283,119021
19793.7,61190,69351
37853.3,163855,154609
34661.8,51857,111447
20892.4,58932,169773
21754.5,69633,216696
21584.4,15633,43495
37974.2,155987,196334
38770.9,75657,115121
21133.7,180532,79715
35633.3,71367,131195
31607.5,114755,21087
33070.5,113253,192553
26122.5,65632,6780
20301.4,176763,219141
39685.0,153910,5438
43189.2,176234,215330
24791.7,10546,200044
37058.0,123338,136043
34418.0,72917,47576
43123.0,114264,166405
38519.0,23918,123210
26768.6,87374,84163
34887.4,42159,86456
28373.5,129884,75554
34697.1,104976,213271
37164.6,9619,119229
20219.1,66164,84744
20921.2,202518,105952
39795.7,216249,301
34573.0,142237,121104
28413.8,49173,135905
27116.8,198297,130676
33760.3,199226,13529
23129.7,143974,34344
41377.4,114849,183042
30214.7,7567,165156
33343.6,62730,186065
21991.1,144399,3584
31916.7,24434,58903
43004.9,29743,120965
41865.9,169793,218141
21880.1,187853,76509
30823.6,71676,108918
39035.0,123789,63892
29511.0,37917,100554
22803.4,157123,133232
36806.6,35784,18300
24961.4,207095,108774
26564.9,206495,133100
24732.8,672,74144
36296.5,219539,153862
32614.1,172999,128356
39804.6,117059,141185
30205.4,87147,144681
37224.4,98883,119365
41507.9,49454,182845
24017.9,100393,61226
39571.5,107682,11441
26018.0,123987,184871
41018.4,99937,101208
42908.0,207721,215154
34430.9,39873,129847
42313.6,33094,131672
42326.9,87030,26309
40029.6,115423,26138
31254.0,119780,4023
36205.6,107473,171646
42442.9,19615,123074
37694.4,69474,88751
33706.1,104197,170350
20023.9,86131,176778
39655.4,99617,83010
33795.3,199072,127912
39984.1,9410,161863
19724.2,165455,179411
41207.4,59634,195760
20277.6,25806,199326
33970.4,26347,116307
22192.4,78503,7588
19159.0,208704,14711
25392.9,98262,112901
21668.4,139242,108016
32261.4,207754,47200
22283.6,20701,159774
39945.2,162453,179079
24068.9,152871,37517
23851.1,167222,66578
29581.2,174808,2463
40652.5,121963,75400
35075.8,41412,19362
29131.6,90587,154028
25538.7,111230,180961
24302.5,221591,79199
23020.3,100845,126670
20687.7,99972,149926
27045.8,77561,183311
25439.8,217589,172550
27974.3,2122,148354
39799.7,204029,195210
42534.8,158965,195342
30517.5,75024,203355
38131.3,159138,210221
26878.5,166885,49841
33646.5,177671,198070
36167.4,172800,178482
39126.1,164691,25470
40765.8,169434,10334
25785.1,115559,8746
32605.3,191983,34448
20271.4,77361,85647
36836.5,46042,52637
21330.4,141402,95907
31377.5,71441,217703
22146.5,216187,126313
42378.1,77369,195706
39934.0,210824,30191
29802.0,19739,36898
37004.6,59143,177294
36250.3,104179,221706
38275.6,95885,23672
37925.2,3648,69326
31521.6,119219,96622
34955.3,176250,68724
32730.9,215591,167391
41695.4,28402,176904
23892.3,6560,162410
40282.7,147169,85984
41064.4,58030,169778
19593.1,215968,121704
40916.6,79217,170194
28289.1,36641,11887
41845.8,79787,129138
20926.2,61551,140914
21418.7,118919,97258
34896.3,194809,182579
41838.5,109871,153967
36705.2,40507,108759
34504.0,218547,128279
33514.4,73332,8576
35395.1,56955,116230
29206.3,61895,95075
20503.7,179746,96294
31720.5,169037,94024
19525.9,72320,49757
42398.8,222306,216056
29458.9,173740,55602
34171.0,156538,5598
19274.6,87427,63850
42918.3,206301,148000
23171.2,217531,200581
31966.0,153716,56610
38488.9,61079,86129
37514.1,206738,156233
18071.5,37929,34076
31613.4,209325,45743
20770.1,6758,34551
18374.5,207089,206682
23995.9,84874,4136
22391.0,13736,33228
36691.3,137910,29792
36790.8,124845,117512
37606.0,134542,155625
20748.2,132078,58077
41824.5,11367,190642
37737.3,172727,136695
25601.1,168647,8165
19532.8,125562,222114
28120.8,179856,28301
30354.8,116277,19265
40661.5,84439,159461
21738.0,33080,72093
33732.8,153449,143748
35946.3,99851,156602
31370.0,118938,132527
33256.8,25999,207905
35684.8,171629,170633
40118.2,144529,188963
39810.4,112740,118372
40379.9,108478,88848
38851.0,104524,109049
36386.2,81932,111873
25875.6,66817,98120
42030.5,180046,124326
19691.8,218044,22377
20349.4,25313,195189
36617.7,212800,34108
32020.5,153738,147216
32154.4,175639,32042
28352.4,174415,196682
28658.0,189021,13486
42403.6,157393,81906
26861.5,151497,133015
23361.0,172159,126403
23651.0,28368,91780
39303.4,96353,30116
37217.7,150496,59286
38342.0,221552,147053
42558.6,214545,162981
33462.0,168479,145945
18661.6,172446,217438
35475.5,7589,47294
24886.4,199861,80998
41222.7,92018,1600
22571.4,37552,148457
34565.1,18241,37191
36672.4,8036,24053
36802.0,56395,98617
28579.8,89363,41263
27325.3,189162,85035
37576.3,148791,156296
20140.9,13791,40784
21966.7,161962,13044
34984.0,71330,116159
34680.9,127313,159141
29139.5,71609,56510
37024.6,29836,90484
28833.8,74251,177790
35097.9,127567,138132
34811.7,11905,57807
27960.6,157109,14360
18193.7,79015,55373
37337.2,200320,66982
25294.1,31453,2026
30534.1,112893,46057
21255.5,139613,184463
23798.8,146466,218458
34834.8,92842,18894
28006.2,194521,11089
28992.7,120521,20411
39725.2,150931,112534
32449.7,185990,167809
28525.9,30192,106176
18525.6,85136,45055
38193.3,162037,120611
38967.1,94857,23102
29005.1,27751,63783
28979.0,104975,137353
19981.9,81336,195508
26555.7,87311,204241
22236.9,133820,165996
20873.5,133680,50830
40829.3,91586,92038
36330.0,214682,169199
38538.9,61936,26949
21690.4,51713,45481
33180.5,199285,199007
34518.8,46437,202597
33824.3,121622,197773
32206.1,151904,117677
35164.6,147978,168556
34009.5,163714,84727
39779.0,164421,82873
21804.1,17900,122924
29143.6,79382,208753
24921.8,14725,92259
30784.9,81371,121043
29388.2,14913,96662
38958.8,20114,168995
39779.1,23670,161220
32970.8,100789,121297
32624.3,207570,193703
40576.1,117894,212288
32405.7,49345,84286
33246.1,131430,39547
42134.6,118101,27132
38436.4,219513,90030
42756.1,22106,132264
34282.4,10260,64944
35832.1,115191,137381
31173.3,41614,95393
27395.9,74158,101558
28301.0,88700,177968
33066.7,206891,165383
34312.1,17278,86426
20381.5,177833,101335
25160.5,189722,223232
34545.4,157994,39419
26400.7,152761,173961
21564.0,91703,81325
42386.0,183102,173574
27877.3,155986,185816
41637.7,81155,146518
27492.3,207529,86108
38492.3,175666,184242
38889.8,193665,179677
40993.7,24498,169351
34895.5,133297,94851
18459.4,80967,47254
41969.5,89583,200843
30254.0,59386,36061
21904.6,77540,221361
37860.6,133087,202080
31602.2,193631,138027
18951.2,88280,200882
33574.4,156564,98754
21887.2,47407,217932
35459.7,163771,212085
40746.9,189053,114733
19101.0,95498,177304
36133.6,116444,160063
25180.2,196224,205468
29313.0,139987,62696
25798.6,211975,205617
29819.2,218919,50860
27269.6,149532,115499
29634.3,73864,203980
27623.2,138270,109749
42350.0,214143,52349
38191.7,36280,65536
19314.9,125983,97311
31974.4,26893,186489
39316.5,223128,32683
25183.6,200046,42024
24874.3,134572,38626
38942.4,24042,58205
38580.9,91641,6991
28455.4,103928,131598
27423.8,101231,21392
27447.8,7389,83541
41456.8,219985,187355
34379.0,207455,38285
21467.5,75203,217517
29905.9,217870,36383
37122.8,122974,117598
33506.8,20768,4981
24449.3,218880,39195
31829.9,190640,159614
31299.8,29146,203468
25260.2,78944,31941
19203.3,110054,167497
38006.3,119829,16464
20793.6,131027,156431
31508.6,165663,135102
32491.2,188362,37637
25340.1,410,161168
26891.0,149596,109200
22720.3,175168,22443
31191.8,94530,17741
42025.8,142627,132992
37817.6,133070,145267
18512.4,123243,11412
34018.9,97858,66492
36832.4,93610,206705
19702.5,63209,192136
34559.0,27174,202244
32664.0,198358,87167
21361.9,92353,143134
26531.4,168505,45898
38925.7,179485,121798
42716.6,125444,165605
22593.4,35350,16541
36044.3,119977,9695
25394.8,11483,207384
23026.6,10985,82731
41520.9,135104,104392
42925.9,142352,124098
24383.5,197470,169581
22815.8,93578,204692
19204.7,171896,87012
24885.1,209542,96474
29011.2,104863,194853
29081.4,101356,88876
42537.8,130076,181421
30537.6,209005,136125
24721.4,21656,190600
28697.4,112881,157929
43076.5,47305,142992
25402.9,26895,20989
26263.6,77500,80346
29237.1,188131,111703
22199.4,116367,92155
29267.7,190530,92421
33494.3,114017,71973
34114.6,207481,15036
19891.0,167120,106485
27155.4,210002,196581
35121.1,8163,37428
39386.5,177756,204816
29042.0,33090,17624
23947.1,169125,96030
27126.2,148699,8489
33248.4,178012,117944
41910.4,97521,116376
37229.7,150450,36095
31342.4,104342,82414
34368.9,65434,29739
18653.0,48771,130821
31047.2,147239,30870
24596.8,68233,184559
29246.1,160399,74862
35488.3,128765,52475
21090.5,19412,118500
22350.9,187005,116683
43131.0,212471,178763
42382.5,83778,175070
26755.1,17023,144178
31662.7,78631,223179
21969.1,186007,183558
34070.0,208062,94763
30820.6,31814,52685
37960.1,62058,207191
30449.4,94606,145233
32421.4,122527,210675
42771.9,34018,160418
40283.0,17235,81078
28033.6,187939,188447
30062.4,107687,201631
28317.7,150706,19333
21158.2,83106,168385
19869.0,122115,178286
31037.5,33642,217331
37662.6,167718,154084
22585.5,33825,113408
30672.2,14526,217944
21128.9,40112,79724
22149.4,84583,185947
23681.9,136025,74461
39317.5,65694,51459
34003.4,144399,71945
21154.3,79383,161068
31443.6,131746,168031
22249.6,152212,40421
22314.3,163703,188909
40730.4,88504,220864
41283.0,10798,216330
39767.3,21292,11917
41903.4,202118,151197
24669.3,55262,201053
32417.9,162033,167507
18763.2,164407,143019
25299.7,79192,126601
24170.9,211641,179566
28233.5,118893,19129
35353.1,41439,115239
28473.7,121750,53483
26572.9,37661,81941
39709.4,83706,192466
42898.2,90536,104521
21295.3,97134,134998
32153.6,83654,63370
29755.1,70116,117858
24247.6,25378,13265
25313.3,100702,161317
28537.0,41864,213248
26251.4,151437,189039
25880.4,200047,41770
30556.3,134932,122372
30568.7,80882,130382
18584.0,103086,132499
29522.2,63105,56398
32700.3,12755,13248
25090.2,156635,220947
34487.4,123361,74907
31524.6,222081,28179
28859.4,69329,190711
27217.6,105710,95928
19140.1,13410,149495
32157.8,95033,145024
25272.8,101279,132187
29348.9,144141,73327
38797.8,163379,178362
33398.3,33728,25344
27926.4,208377,88889
32057.4,95841,197909
21635.5,157932,133463
28115.0,10552,11876
18980.6,187063,87304
38259.9,136139,119796
21753.3,135136,36642
26264.7,160712,83500
22095.1,161611,193808
39233.6,155641,88178
30784.3,133618,139549
30344.1,147567,78588
29967.3,4361,96562
26347.2,28732,109193
32709.3,208864,190139
39976.9,164956,6985
33042.1,69607,171859
37729.2,203466,151643
32556.4,189110,13462
32704.8,44698,137424
33851.4,162460,203058
39197.4,38738,215393
35154.3,8276,150095
41894.8,28808,50012
18477.2,82232,109780
21816.1,181010,53448
28341.5,203154,160295
41197.1,222396,192895
36330.5,185014,36197
31070.8,147033,85209
43152.7,125402,137750
27496.0,45398,120498
40985.5,89738,143202
26928.0,202372,188986
35154.8,210672,181747
24661.9,126924,50400
42124.9,73139,146299
25522.2,78017,202158
25282.9,54336,180942
35765.7,83110,125777
26789.8,208510,189179
24891.1,31948,150333
35050.9,99534,103424
38623.1,202654,210925
21691.2,11027,75400
42073.9,20717,90797
41285.0,171959,67225
36832.9,56095,52970
38864.4,71075,147329
35543.5,35985,28633
33515.1,153834,62726
24109.9,175592,139209
23686.9,61036,13760
20525.0,86584,188051
29904.6,178570,202051
21464.2,144271,41403
28254.1,124701,125160
34393.6,198157,75299
26093.4,169318,15509
40880.0,23451,170996
32468.2,140286,193642
36222.6,9777,45892
28530.7,219573,46081
41534.8,9526,219205
28004.3,129861,48840
41602.5,75882,9821
18233.5,148887,158015
20704.0,87829,74596
29449.6,168116,142422
31212.8,35179,223100
30706.2,71522,50544
38382.1,86686,42596
36424.2,169944,67440
36108.7,3692,193099
26495.2,77338,148840
34994.9,50636,46004
33396.1,167438,106296
38840.1,135077,85964
20185.8,175441,25004
22656.5,36860,125161
26154.8,65024,1790
24571.8,61740,117109
36994.7,86409,79153
32678.0,150176,2997
24591.1,94254,181605
23954.8,175056,30991
29728.0,41868,106277
35289.1,184433,201809
25836.6,30779,167434
41086.5,77342,96349
33488.6,57443,35014
30050.2,119269,196014
42918.7,97943,109011
35688.9,123424,198534
31545.4,174088,216427
23504.0,64871,178347
37019.4,206404,21461
31242.8,138457,184488
27117.0,147893,29414
19556.3,143562,132510
23094.4,140682,39282
22146.3,136404,115825
20929.2,53844,187935
32695.3,23839,133791
29226.2,14584,118864
21325.0,108901,119746
32210.6,146485,121209
34953.7,80784,189603
18548.6,66704,214028
18076.0,57121,151600
19840.3,111069,90316
35649.7,141862,15795
41551.5,18092,123750
18799.7,107182,47181
37378.1,200757,168171
42654.0,169313,110195
27436.4,100264,117581
39914.4,98958,98473
20022.3,173484,141374
21351.3,91165,31098
22497.5,140839,103037
31326.8,190803,58376
39037.5,198227,5959
42658.0,121373,176553
36121.2,111182,139443
27557.8,60205,64883
29607.8,40664,72259
22749.7,190060,200668
20843.7,212199,173066
28564.9,200816,4101
24064.8,17639,26449
32967.4,117031,156705
34935.0,12760,64155
36661.6,105451,115071
23905.3,56955,197757
39766.0,14796,36735
30698.2,75828,61384
38557.8,191762,151023
26036.4,156740,202516
34947.8,84060,62102
25604.5,37554,173070
31135.5,108412,78774
24933.9,145940,155101
40168.8,45910,164100
35104.5,145712,129924
19181.5,90286,168641
34917.8,205993,137484
26032.1,109137,107022
21760.3,98686,48202
37011.3,124130,63168
39403.4,78836,185487
21637.7,121379,15105
32172.1,109185,146089
31355.8,101821,63663
24425.9,86576,169530
19992.6,117908,222070
27351.2,140413,189945
38901.0,13510,70375
27504.6,158589,158052
18996.6,19079,49325
38277.2,154031,189872
34920.6,56889,125670
23264.0,87284,79478
42116.9,4019,55524
41616.4,194373,30753
36821.4,197743,125546
41043.9,182354,158440
35735.0,103974,62739
31912.4,203296,74202
27592.7,139893,170058
27053.3,68566,94278
30923.0,130358,122160
20484.9,189376,123074
37193.1,83947,53248
27341.8,108509,11984
32175.6,58005,194314
21677.3,68360,145047
41555.9,151818,188746
28523.0,39953,51430
26312.6,99572,149366
39000.7,130888,144347
34496.1,179528,88490
24484.6,215375,128089
42356.0,168216,193880
30363.0,44101,192091
38033.4,44371,36689
36151.9,128009,48247
41105.9,142117,168246
42122.4,137348,8866
39144.5,19485,214432
34839.0,200366,1673
28392.3,220868,165334
23832.1,185380,39591
18230.4,132574,119540
27404.7,161961,167176
34802.2,161616,126669
34614.0,4123,1733
31411.8,107829,3106
18421.5,189318,72021
31500.6,75153,4493
30655.8,182939,176693
28850.4,46993,28053
41134.8,137464,39032
24072.4,162471,138007
24360.9,92914,70077
38032.4,20714,97793
42174.3,120323,148111
24128.8,182776,59207
25559.4,217071,222263
20031.5,170365,199120
18798.4,106241,99421
27504.7,124781,14710
34046.1,184246,44927
20083.7,221598,113746
34251.7,86840,148335
42628.7,24998,138453
41162.6,60231,55421
40712.1,181479,148579
29982.6,12205,19489
35247.6,73498,142352
32200.4,8625,47016
41404.9,82440,4104
42229.0,153887,37798
36956.8,186833,215194
28037.1,20168,78453
22093.7,63038,148555
39033.2,102015,177480
40592.4,86960,100622
37041.4,36687,207224
42909.6,189835,20559
30620.0,90664,14076
20461.7,60855,219853
19915.7,158641,201590
33469.4,156135,103993
42416.8,85557,7766
33979.9,205402,118109
30363.2,93273,144975
41716.8,113206,48690
35128.3,173191,99633
20159.5,162166,77431
38111.0,186937,19269
20067.4,40428,99614
35934.3,166173,40442
36639.3,83015,94555
20685.1,1361,80810
29207.3,199582,70717
20576.2,22884,49123
28860.7,146010,145421
30913.5,27077,6884
20258.4,145285,24396
33042.5,205635,85047
39765.7,3235,76506
28428.0,204254,22203
36266.1,146679,63633
32413.4,44455,179651
27594.4,36396,70495
25588.5,129269,38255
19594.3,113947,72341
28611.8,126938,205171
19938.4,65981,64642
36166.7,129971,155662
33540.1,120025,28042
21414.3,1774,103728
26371.9,162579,99585
38262.7,86387,115401
26435.4,213772,215884
39659.6,155816,35684
25571.0,158128,182266
23061.5,82361,46566
42307.3,83660,76401
36518.8,165911,128714
42387.6,204989,63550
26212.3,73479,214039
37803.8,95686,29855
41488.1,52376,155248
43131.1,47166,178706
37344.0,7055,190634
29632.9,185694,54958
29049.1,76370,217915
35459.4,214686,222242
38050.6,107254,176417
30582.4,166025,79385
24098.9,172664,40407
36024.0,206851,98825
19863.9,156744,125628
32672.5,140081,132805
41272.1,181327,109655
31699.9,207282,94248
35681.2,212938,140746
32964.3,22277,28670
37377.6,172386,174245
26946.2,169607,160609
19116.3,169091,177595
34297.9,197311,86926
42336.1,112841,27772
18265.8,67826,58196
30869.0,135999,146274
32629.1,150794,57942
29233.6,102533,121389
37463.0,154295,180993
30611.7,90431,6438
30165.8,77445,109045
41197.8,22506,30426
38949.2,191404,37139
26777.9,89932,119362
37763.6,136607,126596
26777.2,25591,114862
36194.2,118606,83600
19692.8,11713,212385
35911.6,5920,222607
26645.6,28668,177508
38161.3,194114,63940
31003.0,144679,41978
26340.9,111770,121124
23842.8,106180,165087
22648.2,167897,172309
28889.8,7652,193301
33475.5,51727,117853
32923.5,101930,1166
35759.3,53945,72966
36958.6,212003,208668
19576.6,26673,209584
39973.9,49010,95890
26214.8,119944,29872
24611.3,128315,138337
42341.1,82157,156492
27793.7,102903,153879
20878.6,92270,221647
29538.1,45227,213316
34974.4,209875,77973
41150.8,154709,22217
34937.2,82099,30896
24012.0,30657,47984
27407.3,37056,133909
27789.3,156349,36141
32485.1,110897,48694
30264.1,140870,181779
41162.9,45412,145467
22205.0,75716,36777
22714.9,220721,118227
33609.1,94119,2512
30212.1,51151,213703
27675.4,147215,132497
34457.4,107252,179489
30391.5,186159,220172
29185.1,43844,21671
32248.0,208635,199506
23557.3,8570,72051
23666.1,75673,44094
37674.7,148281,194646
37468.2,129843,144107
30872.3,150133,29938
24750.8,142372,215818
42970.5,142093,215642
37071.0,199230,188476
29122.4,57289,111451
20580.9,217598,171356
36933.9,78042,8449
29333.3,91377,214100
20192.0,30772,203327
38459.6,55018,212520
36587.8,180652,91915
39698.4,159976,165877
28789.8,161520,36499
37778.2,213261,54248
38297.1,149441,91964
31413.5,156462,141234
22243.1,184563,76712
25291.2,70082,134850
42834.3,178074,213694
20399.7,196632,205964
28372.2,15541,72698
39849.6,33262,183874
39825.2,65451,38336
35927.2,217181,64894
37189.1,177270,102944
30334.4,151368,165780
24771.7,108586,98349
29390.2,166101,208299
40179.2,24404,105604
30993.5,72935,182112
41595.7,96749,119195
41946.4,85796,152556
18062.3,202934,222079
36464.6,191609,120179
33998.0,182790,93905
39422.7,208582,140096
28022.4,112628,216228
23338.7,70395,84637
38874.3,88540,143474
32563.9,148410,127228
37865.3,178926,199820
19219.9,26102,164149
37754.0,120476,4268
21130.8,41414,115680
29504.3,112145,53036
43091.5,34580,170392
25607.0,71832,24468
34495.6,65638,21606
27370.5,170108,43391
19305.0,163998,80087
36294.9,197979,61379
28816.6,23907,184470
20398.6,55947,124992
19964.1,155629,59294
31090.0,116671,2434
18203.2,90065,214200
21039.0,110707,181936
21330.8,18567,60017
27653.4,191565,211276
20581.2,82143,96354
40200.9,35947,100328
37491.2,197435,34903
34167.7,177507,37448
19724.0,147663,2221
33380.0,43022,115369
26849.9,55851,164647
36856.4,107927,161500
35301.5,56949,22724
40594.1,36703,197249
21103.6,191367,100671
26858.7,112561,82445
37935.1,64955,72605
34244.4,65055,145069
33145.2,189052,159276
25180.0,181004,7031
39366.9,172597,79075
23177.2,159102,133568
22753.9,102695,77474
34283.5,205468,208084
42057.7,129731,101157
20841.1,130962,167269
32967.0,138487,3163
42869.4,82961,34598
27748.3,219931,148997
28605.8,143224,179029
22353.8,123473,201947
19839.4,153973,17703
18347.6,56555,10440
41249.0,206907,104326
30766.6,164776,186811
30626.4,108903,111037
35685.6,21607,167913
31521.4,161493,40024
24992.2,81240,20715
30884.9,53267,211828
21915.5,85655,102427
32778.2,200074,218766
34376.0,168599,17331
25816.3,114684,191354
42026.4,62557,15179
24160.9,113897,30405
29425.0,159601,14425
25794.1,194430,172504
36664.6,31311,3320
35839.1,183893,2975
22128.6,90886,137102
31034.0,215615,188944
24533.0,97483,33274
36894.4,70454,192134
40337.7,202225,7695
26442.3,112544,71298
31201.1,68930,186731
42571.3,164503,20203
30502.9,133898,94404
19397.1,148605,43746
27265.7,66877,202723
20593.2,150447,176716
36214.0,59874,194191
30822.4,11544,3221
24162.7,123670,95414
27651.1,39343,46913
41465.2,9270,144930
38238.5,187176,194161
34523.7,58855,84358
24256.2,188819,83869
24835.7,20417,149824
27394.8,131607,176508
40728.9,47014,58506
38269.3,12039,105100
19736.9,121921,74005
37492.9,81447,85799
20176.9,119733,2089
27296.8,76439,147798
37769.6,193875,163241
24113.1,96540,155108
42490.8,202535,203393
22924.6,143277,199355
38058.5,39470,1671
41496.4,6267,61078
31646.9,166708,220089
35475.2,2515,87822
18036.8,172308,98638
39395.0,190635,80612
20619.5,138887,62434
28579.4,15701,37322
35933.6,24386,11508
41216.1,221643,136251
28409.0,97646,120182
42558.8,22256,152245
20408.5,34999,167042
38663.1,19616,155161
32309.1,114028,173655
42298.3,62068,76461
24577.0,82577,209929
27902.4,218077,192768
26221.5,118687,71291
23887.0,53139,35680
37654.4,153277,28566
21916.3,43089,117851
29744.6,106564,31650
31505.3,201939,54430
29388.3,121463,69470
39482.6,23703,41317
38351.4,79748,216632
35758.6,158152,10572
23418.5,85929,38882
20298.6,65069,93255
27985.4,12832,177519
25530.8,214981,45578
18783.3,106008,118541
32010.0,144210,65497
20387.1,26714,210736
38004.0,31838,3134
19554.1,204723,58271
21294.0,215921,105010
27380.4,165228,169000
20117.8,153647,67848
41119.2,19657,5714
43128.5,51839,169341
29174.5,33761,24111
40808.0,217410,212044
26355.1,11192,120847
19276.1,150440,113549
38706.5,103546,130056
18743.0,179100,111847
22354.7,56286,49060
24929.5,116919,38962
18873.2,162313,161736
24193.8,77360,130781
28382.2,144359,125575
19536.7,73341,100405
21458.3,52286,168467
40293.2,137839,65312
33895.0,210283,142516
38030.1,100269,204974
35976.9,125746,142742
37692.2,90186,148282
30660.3,101811,70893
22531.4,83591,156530
23519.3,212517,204089
25079.5,211983,123649
31341.7,201023,153089
43190.1,41844,26249
24246.0,63216,69868
31449.0,207418,193215
19408.9,57517,150914
39331.9,209031,101822
26941.1,219997,221569
22377.5,62010,155325
26013.7,193489,182878
27041.3,155074,7394
35727.0,92191,148806
32202.9,147615,49344
39084.8,212441,129034
31661.5,46021,128564
18956.7,14724,60980
33161.9,5224,138005
30045.3,86962,160991
23076.9,34207,89327
36066.8,210350,221324
39879.1,15612,5744
21722.3,184731,37133
37514.0,221899,137965
39688.9,19013,97934
35754.4,173575,103703
32767.6,88227,79105
26129.6,41288,191981
41907.1,207576,167579
42208.7,170178,83173
22389.9,147318,181812
40417.9,160880,206305
26992.0,174465,154389
38524.2,99191,80431
36496.7,77205,33383
22478.2,471,184027
41907.2,102655,223020
43055.9,148762,8488
22588.5,83418,212023
42381.8,57906,167679
32251.9,130071,36868
26345.4,20396,62389
26739.6,83759,44010
34031.9,23258,215393
35865.9,167536,191177
40343.7,117081,2987
24683.4,65415,181711
19708.4,67281,206312
20722.5,335,12621
27725.6,192042,110009
42421.4,108532,129258
40220.6,92073,143136
27458.8,217266,125695
37876.0,151533,170647
37107.7,59135,42639
29372.4,209504,221711
18842.0,5263,83549
24580.4,27453,19451
26613.6,98424,42180
36446.0,143404,24406
26516.4,160863,126546
35753.5,113068,171346
22157.9,113823,41183
19349.6,86794,53883
42554.8,107290,182765
31963.6,191358,141590
24684.7,73799,77961
23986.2,13011,102996
32408.6,220162,128699
21870.5,94589,1000
28775.7,77214,215979
34682.9,157342,125915
23031.8,6746,54251
22305.0,76496,21479
29934.0,30279,80832
37778.9,123455,128213
40550.9,69469,23890
34175.0,101587,48465
27349.7,99993,96836
22701.9,11696,69021
29081.5,69048,59308
39094.4,147913,16158
21808.5,182575,174972
20436.9,175149,90122
38366.1,108524,198300
32861.1,145123,15986
39188.1,214540,136991
28549.5,140381,180110
39845.7,124472,150133
40217.7,124849,78342
19989.7,187250,9103
30653.0,135480,209833
32401.4,162600,38652
21031.1,198492,117713
22356.6,43821,55545
38373.2,33078,11187
28669.0,179077,114135
23088.4,215630,164423
21726.5,155988,67603
26057.7,190605,211640
19688.7,101737,145847
28013.3,85492,72404
31096.1,3241,206189
35650.4,154029,136986
37698.5,29496,108643
21771.0,148529,154123
32683.5,26267,27691
32179.6,26474,205978
25209.5,140413,90143
40122.9,69241,100412
34500.6,149952,159635
29920.8,45141,72198
28154.9,162069,159555
35156.5,105308,10166
27974.0,86899,181014
23987.0,195493,124575
41205.0,97633,5303
26514.2,208051,79444
25835.9,220947,128875
39627.5,179529,25747
42506.9,59757,35228
25572.1,194962,116158
37505.6,84113,70626
36365.7,158591,169228
20250.0,115793,55414
41018.5,106737,194234
30208.4,135397,98018
38689.6,135074,207484
22006.1,81559,186009
30771.2,35559,204607
39452.6,149074,7588
22378.2,218347,52619
39091.8,65402,8669
29502.5,94470,184715
23017.6,96561,215877
29698.3,104056,166568
41261.5,178565,8011
24096.8,128132,155724
29241.8,124408,153847
31893.6,90242,42864
39108.9,67806,196335
38937.9,23695,74729
18691.8,13015,42705
39516.3,204427,56182
39599.2,169706,59011
35077.9,70538,170809
28319.6,5256,204551
42371.9,178834,2332
29947.2,34685,169704
22364.7,209941,2218
23639.0,159473,211048
41763.7,186840,185956
34197.1,111098,98690
39460.0,120323,66059
23498.9,79205,177522
31120.1,163474,104111
32729.1,1926,134090
43185.6,221061,220038
27430.6,169696,155653
33348.1,78243,179414
20724.2,16734,88154
42906.7,167928,85232
39709.6,68458,171997
35919.6,170778,78326
22746.7,135605,200664
24055.6,14883,211138
39604.3,212344,157295
28183.3,83777,178456
21526.2,6672,171809
30533.8,77490,68007
40854.2,106063,101783
36565.6,152836,185616
43067.8,213913,49785
26647.8,187005,58291
35295.2,167330,205756
29988.5,176126,93977
30784.3,221621,44560
39184.1,146341,47483
25403.4,123412,33539
36671.2,190103,211902
32087.6,47990,178182
40669.7,171556,23409
23600.8,58544,195090
39960.1,110224,206593
40348.5,97434,68304
32756.4,121572,223140
20968.1,14071,166303
32706.1,162700,18668
29899.9,50998,131197
21019.4,178440,100052
31351.9,108293,14172
39945.4,39525,36009
43007.2,89828,107267
42877.2,119949,37545
25972.9,187608,47279
37629.3,127816,87196
33902.0,46353,82159
33989.4,1235,118503
24892.9,199542,202779
22248.9,200404,41532
30337.3,200165,204407
20218.6,161082,113694
33963.9,105747,112466
42326.3,100484,1223
18950.7,52275,191537
27402.2,3690,84466
37072.6,139207,49958
18451.5,1081,164282
36486.8,59314,181803
40100.0,81813,33798
20588.2,131946,154316
25714.1,17114,215965
19152.1,76238,119518
36341.4,156334,137394
26513.4,180035,35072
26636.9,128497,94175
36902.9,43223,212863
28165.5,59878,58804
36324.7,34394,55362
36498.7,154584,132286
22258.4,96099,186413
34393.6,9794,98354
40088.9,67053,202178
31475.3,12736,155693
43065.9,173531,28341
34469.9,5175,12644
35381.7,109255,116474
27582.4,143466,66253
29954.8,40141,53869
35518.8,165232,2439
25588.1,173451,26471
34694.6,70772,163262
33262.0,35956,109792
38932.4,27502,134108
36112.9,30863,74109
20873.1,27856,130479
23005.9,52363,203937
24627.4,137139,52867
27019.6,107415,77424
22041.4,143691,130116
40941.0,180408,126003
26331.2,717,3342
34925.2,28948,218951
32468.6,129526,39097
41926.0,204348,134140
19891.2,189681,26552
40800.4,168909,60597
29510.1,77600,69238
29699.8,26164,213169
22402.5,10340,76170
27077.4,177410,81974
28735.1,30382,24903
39451.4,12029,2535
39470.4,173894,169659
22296.9,93723,114744
42068.2,70335,192169
20342.4,213637,89842
22608.3,105061,104923
42250.2,71259,219075
27720.0,222998,125369
38157.5,170091,208905
22202.8,34737,182496
36305.6,221341,41784
20613.6,154861,126530
38217.1,177836,114861
22567.8,99549,204253
27036.7,7554,179428
40174.7,190651,34250
30173.6,127958,29605
40367.4,115523,12051
19596.1,171697,82375
18311.5,177714,137577
37341.7,151165,189732
32238.3,175595,88683
31081.3,180418,183652
33579.6,113468,173464
36311.6,126334,90636
34725.5,168140,100893
21746.1,216645,146366
40480.0,160671,14304
18293.5,41137,132531
39390.9,223312,129980
39909.3,19625,196982
30389.5,63148,86742
42447.7,13199,132888
23612.2,168641,99257
28162.6,61603,20664
29569.2,210045,150217
29292.1,130667,117196
25964.8,130383,195359
34465.0,26907,105759
28390.9,146048,143942
18004.3,23827,207561
33225.9,162284,167126
25675.9,133257,147412
23212.7,176022,119592
41948.9,95248,216350
19367.7,58436,221332
29452.4,146840,201173
33617.9,124029,187867
34560.6,187672,118628
20873.4,199051,172729
23588.0,89484,93097
38913.1,209692,76541
31801.8,98013,184050
20679.3,43032,129085
21539.3,187919,194644
36183.3,28039,66660
33393.5,49163,31652
41441.4,102995,56515
29517.6,204844,49959
36063.1,28250,198482
28444.7,166000,219536
34938.0,32301,202413
40472.2,119901,172610
32850.8,132172,35294
42289.1,1137,139031
36552.6,145024,113458
39138.2,126597,133256
37683.3,46452,181355
32579.6,191494,213711
21235.2,101556,172365
33133.8,84369,132149
40211.0,109750,159644
41080.9,199851,65074
24894.6,89878,77115
29411.7,34962,36223
28401.2,183504,196195
30909.8,221006,183892
31804.7,82289,186613
36567.8,145118,165827
23477.0,54974,163621
36002.5,179991,90516
41214.0,34779,186226
34382.2,46612,132092
31670.8,166953,84510
35900.9,199432,92337
32169.5,152779,149589
41755.4,186154,109439
34990.9,220565,139959
25205.4,222114,110726
38369.3,137030,27910
18636.9,38096,13910
34890.4,52403,69986
36904.7,42188,75134
35221.4,38385,220038
19563.2,205614,77369
23140.8,141865,8468
27038.8,118644,26864
33525.9,177085,193853
32159.5,58800,194619
34307.4,101944,62284
30875.2,208885,209406
35542.4,181649,174193
19183.9,100029,101595
28497.5,206598,179607
25878.9,144736,14103
18326.7,65887,53238
33638.2,204714,116146
38915.6,166143,184714
35880.5,96401,197946
32827.3,193580,158174
22951.0,190031,50724
25413.3,46511,178954
19876.6,45559,192696
30948.9,98880,10652
28798.4,145908,69268
21277.7,153088,221777
24426.4,86655,122245
35884.2,40581,10470
21873.3,84575,156468
19281.6,163936,161378
39247.1,78945,128594
37905.7,144221,93869
19836.6,185514,83324
31240.0,48200,136473
19718.0,132419,41778
28481.5,140780,105753
20317.0,57985,55929
34716.0,86787,94580
25398.1,197304,162078
31368.6,147150,215924
36953.8,170210,2307
20891.0,90703,116828
24056.8,168365,160878
41148.9,63917,10453
35200.3,84131,99974
41081.5,29720,101155
24466.1,189785,74141
18622.6,135493,215510
37416.5,134823,210453
30820.1,127612,11495
25470.1,170794,50465
26071.9,21586,25154
22218.3,202720,141026
31436.8,164346,17163
23311.7,165023,202789
23372.0,179674,111203
39058.8,53891,140969
38884.5,194347,203215
28968.0,214107,18905
36821.6,40305,6226
29572.5,86957,9931
20205.5,14226,46659
38014.2,146298,18465
32489.0,59675,67803
28272.3,118259,165207
28192.1,82943,4427
27815.4,31013,140203
18148.7,188818,162096
19593.6,195546,153513
19147.0,222363,19028
27014.0,131815,27822
25303.9,179798,78997
33285.5,73798,200612
41352.6,99985,103576
38717.5,8079,124253
21939.4,57636,35751
36818.2,208868,209055
39406.6,77326,166211
21630.7,177547,208408
39851.9,169853,97813
42126.3,2922,145103
40044.1,37060,32305
19052.7,150134,156409
27930.9,143530,22315
25678.2,196161,194361
40769.4,90138,55505
28398.9,169327,223204
30916.3,42193,48232
23563.9,218824,66254
22897.0,47541,175892
38151.4,14257,223186
36926.3,143878,120917
34245.8,19174,76192
34926.5,65716,25743
22974.9,152199,127714
41978.8,93621,33610
34916.6,61481,26226
25185.5,18299,50724
26008.2,118134,86073
33531.8,80130,181785
32721.1,148256,148599
27185.2,82924,112278
22249.7,82107,64533
37798.6,186698,193938
34149.1,72529,220229
27059.0,178147,192144
26355.4,125817,121332
29223.0,203100,80077
30271.7,28529,46077
34267.9,21488,220670
25071.5,216647,36700
40460.7,51493,69005
36485.3,164264,20044
36331.1,4883,222714
30780.9,8177,213029
32663.6,106203,201641
32868.9,9609,144597
24567.5,141473,123759
34478.5,38963,95897
27891.0,202413,154560
36477.3,76283,35096
29710.5,133801,23738
27999.0,131640,2776
34699.5,222293,211429
42742.7,179348,43474
37081.6,36797,116974
22012.4,148467,148324
34617.2,38325,192916
36446.5,94056,10595
23514.2,127832,60751
19584.1,96845,61346
19078.8,54204,135760
40874.7,94699,101736
29835.8,119182,12173
19005.6,170006,84953
20601.3,136674,166085
38907.1,218856,194487
24635.6,142698,149464
22381.0,171357,99226
27205.5,171268,219013
19961.5,65951,98652
42511.4,58431,135363
28227.2,214233,90448
30268.9,126382,158390
18166.3,36429,115316
22173.3,20208,134883
34215.6,55447,39384
22710.0,94954,157816
36076.0,31019,173305
23804.7,212644,86566
36150.4,126226,177007
30066.1,55234,154872
22063.4,218461,107714
18565.6,11310,33524
32451.9,42239,35317
33864.4,10273,150016
21701.0,43605,67701
41245.7,135434,106287
33103.8,147745,167148
18469.2,188625,190834
34676.0,74305,22478
23458.2,158997,123578
39856.0,44713,57504
38925.2,157506,37411
38024.3,215076,201192
22583.5,172922,133904
24665.9,189841,179723
26635.3,118874,156377
32883.0,60244,99145
27713.6,28461,4341
23099.2,132214,179402
28578.8,39206,158731
20426.7,124746,161152
33115.3,205486,139311
30683.9,30806,24429
30152.5,34164,158197
31590.0,314,203127
35099.7,113114,136850
28601.2,11387,182882
31351.4,60158,210318
30149.5,201502,99938
26833.0,210926,194351
40878.0,219464,182637
32518.2,111539,35096
24413.9,200765,60951
40934.2,21972,74256
33077.0,142535,107124
24496.7,1433,185899
36739.9,1864,151515
31168.0,136252,1885
27450.8,53849,180293
38268.0,107176,94966
20685.9,111692,170806
32751.3,68498,140536
28673.8,95851,160400
24944.1,178416,104190
37025.3,108325,144730
37751.5,126476,46850
27329.4,145466,126814
24395.2,80387,151427
26677.8,184941,104367
36541.7,172827,31217
36844.9,117072,205287
35622.6,42413,26287
23404.3,105004,206066
26528.6,144330,160963
35565.8,185280,13645
22050.6,166691,1386
38270.1,215811,38096
29886.1,157350,114131
20221.1,68967,58135
27345.0,159653,9897
36257.3,105026,160947
34535.6,75096,186543
42281.0,15063,202796
38669.8,167848,129595
29062.1,52876,222971
34553.5,210740,135830
25207.4,8810,205510
33107.8,135217,183094
23838.1,44428,176691
18908.7,62719,171709
18007.2,41273,22765
43119.8,204386,104709
26898.8,103584,106286
32769.2,135723,4028
36570.5,17987,23636
31849.7,190352,217517
32089.7,152812,91251
26756.4,213782,72484
23702.6,50993,119212
41428.8,150708,1219
24579.9,106727,132707
20682.9,18975,131902
25415.1,30673,210486
30934.8,67552,141008
38491.3,150704,65573
35493.6,98849,147631
30187.5,63772,198567
26559.5,203318,120284
35176.2,153833,7169
30145.6,67585,17708
27643.4,206741,57771
35058.2,60274,209757
25956.4,92562,135398
31498.4,183715,218150
24636.4,75311,24381
28053.1,196290,215239
26618.2,145372,46788
30009.2,92677,57295
40536.8,70536,47915
41867.4,179072,49851
30574.8,52341,61567
36532.8,69574,54205
23776.0,218874,65456
39075.6,93330,40893
37629.2,31425,20575
35030.5,173912,129149
33468.4,200342,141944
42141.4,222300,126429
27354.2,82684,129064
40632.7,150606,72019
30368.3,200346,133990
25062.7,58220,196652
32532.0,14194,137818
38141.6,125388,141759
18820.6,91039,103210
39682.1,203398,45822
29521.3,31553,183040
31058.8,82746,180672
18212.1,176712,55247
27561.6,26410,85311
27112.4,68078,49060
31823.8,62164,70623
29877.9,160716,89940
27221.3,130749,111134
23305.4,183687,197183
27382.2,105012,73303
29358.4,149791,34377
42677.7,179833,59917
38517.6,188957,70765
38263.0,145579,113303
39579.0,51396,38232
38160.9,193604,39203
29919.3,2553,46296
28622.3,35250,222662
33892.4,139980,188890
25956.3,127564,78652
24324.5,148854,12506
28039.7,181021,42819
19512.9,213337,66660
30008.8,165114,25244
29336.3,87728,68096
27096.2,146892,146143
41482.5,67558,90214
18499.9,31781,92036
39857.7,158748,52155
32536.7,170358,170165
31568.6,204553,74608
26948.7,176473,133809
30284.8,193075,117160
40418.7,99895,160868
25220.4,165599,37971
39880.1,167924,211738
41399.9,110576,165484
33430.2,106108,222534
40858.2,20738,42467
26659.4,82177,83067
34455.9,186235,70116
33255.7,103666,71106
40369.8,204727,95201
36847.0,136560,118040
28432.5,48204,6055
21151.0,61506,173545
24341.5,195002,183683
36893.4,55200,43754
28005.5,25048,16722
41607.2,124042,143768
19356.4,202095,104074
31204.4,21823,27244
24613.8,40704,22101
34501.8,102195,81099
23779.8,193355,74494
29167.6,33138,34413
31273.9,44723,7489
18885.9,93543,85249
39778.9,122471,141710
41558.4,143797,116613
21404.9,182877,141371
22461.3,156653,119680
33902.4,166684,147845
28961.4,167716,167648
31451.4,91008,126262
31599.6,210949,23476
29134.9,95887,108056
24547.1,79579,2767
18002.3,213746,198782
39368.3,90147,75173
29823.8,2180,180294
41236.6,198042,125060
25550.2,200768,112836
38108.7,156500,60611
38078.5,143710,97948
22752.0,146945,114584
27947.8,42800,187416
36575.4,102163,217167
27534.6,68938,20764
28640.4,62799,135426
37266.4,160750,211700
35486.9,71267,74626
34341.1,139445,212024
24774.3,49283,17947
22596.7,75915,28929
34049.7,161934,118690
24857.8,163251,128973
22732.3,5084,39885
19250.7,140239,5801
22685.6,26810,73954
24783.7,187484,114928
36323.1,61029,23644
21797.2,129388,56934
26616.2,81677,205973
38146.5,97359,121552
35562.8,8319,86572
20021.6,196757,38296
19412.2,203332,102871
19798.9,123246,47606
22843.2,220604,65556
38594.7,217121,3307
21073.4,201364,187349
24273.9,202172,116119
24228.5,8784,52213
29613.0,202111,24631
31132.7,54643,123948
27805.9,81817,84689
21997.0,190902,11058
36767.1,144069,136557
21078.0,126151,167384
25530.1,94483,13654
39764.2,57091,29603
23946.3,113812,85069
18379.7,208244,72377
32734.4,103758,206869
24125.9,11008,152325
37743.6,124589,180461
33024.5,97359,202059
20254.9,41339,131050
20303.3,162174,88715
41457.4,199114,163874
19513.3,93196,168971
21878.7,140601,207478
20706.3,127885,60994
25981.8,146368,206716
34245.1,91047,211163
40473.3,192201,50584
18538.1,99029,93891
36254.9,65718,10351
30229.6,114688,146544
25426.8,182724,128474
22782.4,48923,142506
26761.1,191994,122786
24938.2,217933,156940
41044.7,145364,42033
19735.7,40638,117803
25451.0,69035,141978
27251.2,188,203402
34078.3,99363,192323
22675.5,4907,162459
39592.1,203428,162581
24017.4,189006,16604
34588.9,141284,214708
27764.8,137381,179103
30538.2,144563,40404
33448.6,84567,107427
34150.8,28957,25233
31184.7,17479,11475
39046.9,34019,46829
40012.0,52973,28063
30231.3,25887,8340
32389.5,219230,101868
34579.6,137840,163570
35673.1,67092,12867
27232.1,158847,188178
19786.0,54719,171900
30383.4,218124,20960
29795.1,167488,15912
27095.3,194898,109039
38715.1,208207,185711
19469.2,161725,69681
31331.3,192492,18451
39028.3,20430,56596
42206.8,25459,26535
36274.3,139371,101012
22774.4,137938,172196
24268.8,163925,46897
32072.3,146313,108838
36801.9,200876,167411
32529.4,176814,120250
35704.3,111955,27289
22203.6,47289,144170
28119.2,88476,172368
21986.0,157264,116132
41524.7,82615,144200
42984.9,85106,221473
27367.3,200326,166000
28850.8,190281,84790
33332.0,147625,143032
23391.0,200725,144241
41338.9,66607,94374
42233.6,117309,104094
18004.9,9086,74575
33013.2,135688,35411
43034.0,79125,1721
25568.4,58166,56314
39564.2,5688,202250
38712.9,180805,215570
24954.1,145139,134026
32019.3,149844,40557
20376.0,120683,93233
21933.9,69465,96228
40418.6,65498,61078
24457.3,78722,24092
32376.3,149176,56999
36503.5,189682,85116
37981.2,45325,127998
38807.8,180773,184247
32521.1,24999,156036
34184.8,9796,191572
38370.2,100020,20572
37659.1,202087,87658
26767.8,214208,113850
28496.3,31598,201953
23713.3,171122,222685
33178.0,2997,166169
37590.9,100266,14189
25680.5,10795,83706
31606.2,39211,85676
30660.5,57880,40159
19273.1,191778,102991
42470.2,197352,156010
32496.4,23614,58218
28884.8,206141,103369
21729.9,88124,21638
29991.5,195379,12926
31813.4,68827,22302
28042.9,113899,202853
35586.3,199762,35355
30119.2,51932,127889
27962.0,149770,51406
32141.4,192850,137428
24205.4,18781,69797
37574.7,84780,179499
41288.3,23486,29499
34928.0,111028,95752
26777.4,84079,90315
32965.7,6345,201767
25681.4,91676,161538
38703.9,210448,115922
33704.2,115464,11764
41290.2,61207,52346
35271.1,40892,198635
36357.9,22495,29457
36637.5,63713,162792
41353.6,218220,214993
25249.7,89986,181874
38267.9,79984,117980
29874.0,86999,54790
36648.3,55541,53425
31769.9,196701,67805
31829.8,163326,191345
43006.0,182208,183174
34840.2,98725,152831
40832.2,138097,11398
24437.5,15757,74452
23057.5,182590,161995
24836.3,121886,171640
41818.4,17458,101880
34641.4,173796,173041
27077.5,28283,5001
25370.9,170239,101324
23825.4,99798,133310
42610.6,26110,82694
30213.5,156527,139345
20218.1,52133,131242
42363.1,146980,186769
18541.5,64852,138783
25684.2,128432,103127
36758.6,4816,90906
35244.6,93160,163900
25618.6,131400,72319
38459.7,164047,67549
40142.7,213610,7724
41792.2,73451,59135
21823.0,102982,172210
21459.0,191336,100193
31122.1,177732,160549
39992.1,179967,59618
28516.8,150181,40042
28746.9,81889,158693
26298.0,142143,34543
23210.3,36327,152313
31642.1,209742,53034
39737.2,81002,180494
35769.4,137312,35455
28837.6,201863,38050
34537.0,148070,41431
26000.9,146103,139712
41904.8,31034,48269
26003.5,38147,190599
18743.0,83542,108538
42222.1,79520,116130
36789.4,215403,166945
41517.9,71774,39834
37633.5,27989,34483
22655.6,199871,160427
33547.1,158755,148646
33431.5,156332,60865
23819.0,6837,94178
20002.8,204426,124938
21379.0,221810,158521
29812.8,170280,98031
22636.2,101570,128829
29940.9,42935,50661
23702.1,107109,200419
42414.1,70741,108277
23608.4,175987,53171
37096.0,17337,46419
41363.0,115155,161758
30346.6,85169,119942
40367.2,112081,106133
37560.6,159365,192762
38773.1,188796,82024
27932.6,194633,149929
32963.9,137686,168137
40069.7,206286,10095
31120.4,118386,119773
38840.7,11119,64414
31071.3,103707,192720
18989.1,101554,135299
37282.0,12922,49768
25337.7,104343,79837
37496.7,74950,120939
22195.5,77180,160729
41159.6,180867,135520
40772.6,121524,217551
34281.8,23708,189437
30616.6,47125,204139
32753.3,182482,143237
21409.7,108412,84793
29362.3,46891,118929
32875.9,186812,52935
40240.2,23640,65557
26166.7,170020,186507
38071.5,188317,192220
21113.3,29927,185133
29324.8,95143,22362
31200.2,100686,190545
37934.9,134130,160451
41933.8,99268,144269
27591.3,201394,44796
40988.8,148240,172891
39739.3,42499,37907
22507.4,186658,13450
28573.5,81138,191407
37369.5,116983,75702
33786.6,30816,34490
42202.9,926,163200
37288.0,3200,120230
30540.2,130716,142475
38347.9,159379,129359
23994.5,154366,172876
29987.9,107518,115834
20001.0,157313,1723
24166.8,143482,72905
33618.1,146158,214989
38796.4,12823,48454
21736.1,171252,91493
18925.4,8501,174849
32567.9,158147,78234
26344.0,22990,12853
20744.0,46726,42293
34936.7,160193,173257
35426.1,155967,150020
37840.2,46509,119364
36883.2,94421,9395
20346.8,78458,84625
27287.9,99336,215027
19705.2,112020,221068
31871.9,76764,123421
21390.6,182090,71937
26296.1,108464,137532
23288.1,54801,160446
19466.3,149780,191293
42679.6,138660,22982
30188.3,180526,158538
41534.1,185284,75284
28761.8,222245,82965
24543.4,150770,163379
26917.1,34003,161032
32178.4,136237,191151
33922.8,129107,211807
22533.7,159752,61006
35856.4,50739,414
20978.8,121866,163960
38077.7,193322,222316
23224.7,161299,108693
28433.8,87501,91658
32122.5,167117,55663
18284.7,52740,180883
25097.0,207145,17782
25755.9,132825,144177
26162.9,1607,29841
35283.1,89485,103821
36254.8,161478,7632
38967.5,50860,86642
39012.4,176284,125595
41087.3,208995,9321
34270.4,126221,40733
33805.5,140762,87846
29654.2,213428,108515
41380.3,14685,218917
31131.0,148096,190045
35090.6,145536,140479
18471.7,151361,179697
26359.3,208609,92692
19668.6,39139,73520
39186.6,88906,98367
33788.1,220831,43507
32388.7,102122,49120
32998.8,205086,197011
25768.7,82444,186080
18797.0,108493,22753
30525.8,62296,97408
29388.0,79332,56659
31232.5,45878,29420
27430.2,9802,203893
23092.9,24275,116332
30751.1,209459,126527
40804.9,40390,49862
26570.9,126739,192005
40021.8,81358,203301
26248.9,201714,25756
38717.9,135304,177397
43016.6,53788,189941
18921.1,101603,187086
39793.2,30365,1077
25836.7,11542,180106
39372.7,22826,87369
29765.3,12095,27027
31118.6,172748,195442
25874.5,151403,198834
25866.0,55009,84116
23054.0,75121,72522
31413.4,202581,115635
34912.3,71474,39143
21968.9,30005,3999
42149.1,146702,134757
20579.9,142220,91833
31844.0,71054,37108
41770.6,210764,74256
32466.9,44898,18675
25846.7,88798,141709
29179.9,34098,7600
29862.5,177077,13226
20669.4,14103,22575
28746.9,46919,184727
33022.3,155387,165011
39071.6,183334,116873
33531.1,81904,87118
38599.5,186882,198810
34905.9,139849,20590
42536.8,198113,200390
29735.5,34549,24357
38483.8,183133,122755
20451.0,81367,179431
34239.3,200931,122000
29857.8,58666,37675
39699.6,161727,67646
41004.1,102780,48064
35630.3,174373,86593
37877.2,85134,118825
30285.2,17135,124606
20844.8,125475,120911
39313.3,73992,201311
26785.1,150648,33395
30800.3,106348,214316
35999.7,28044,85424
32015.0,18592,207731
25613.4,120841,105071
32881.5,62541,162758
24141.0,41686,126451
27672.2,89316,54588
38510.7,154919,113022
37764.7,114125,148691
37840.6,142744,181962
23951.1,173699,175532
19962.9,186622,150520
39086.1,29969,155232
33021.1,85295,145512
20460.9,116710,46182
25762.5,106376,18247
33076.1,179701,213402
33029.4,214922,99329
26250.7,169080,173058
19549.4,57045,214180
21500.7,152244,197915
34030.5,48,198463
21697.5,39116,118744
31387.6,102231,161368
32563.9,51292,53912
35174.2,82994,78573
32371.0,178142,79835
41146.2,113961,188164
42761.0,90246,23406
32684.7,160298,133804
28185.8,33437,77118
19572.7,143886,13927
18021.3,146808,215155
42663.1,28756,73979
39815.1,61667,113171
35696.0,103355,163896
26016.8,100346,106439
27615.4,142899,55369
34694.7,124484,36456
22743.3,100819,221073
41296.9,220191,109375
21887.5,175653,32911
21383.8,18807,169971
18395.8,189094,127585
34579.8,35592,22194
21458.0,211272,109014
39675.8,206812,182292
33231.6,111595,163380
22530.9,133540,111181
31911.7,117976,100850
26953.7,48704,111351
33235.2,151503,130588
39339.5,62062,186680
30643.6,107698,143174
32524.1,8771,9926
32317.4,184780,96620
20851.7,126230,181009
20017.6,191413,191704
31265.5,196760,204176
25041.4,135515,20508
31188.6,159926,23185
24179.8,165324,194428
34726.2,175300,20468
35238.7,141347,209216
32606.6,160704,13834
40770.3,140255,204086
18271.7,119022,134391
40832.6,150461,192365
26354.2,92514,209249
25424.4,43911,9260
35515.3,156666,196457
25662.6,205788,147772
24563.2,164967,124036
32569.2,150171,13531
34539.3,76481,212047
36582.0,7156,75187
30216.0,33245,132538
19936.9,205458,72836
24351.7,161427,73655
24935.5,67359,3723
36684.0,158288,45773
40935.3,193715,39619
34610.7,96932,211770
22420.1,205134,183703
23952.1,47398,209550
31290.2,8674,89875
42798.6,38029,156118
41535.3,40409,219575
30497.9,108251,201947
27655.8,173189,115391
36295.2,43852,55274
32559.5,220681,90459
19369.0,69309,198045
38652.2,13768,43935
29693.2,124841,79001
30001.9,197244,139597
23888.3,179178,184970
27829.8,68845,38050
31367.1,113962,3109
25277.6,209009,117655
27626.5,82755,139002
35208.5,10752,25523
41126.3,167096,92753
42095.8,113190,160035
41134.7,71457,87809
24812.2,210322,25762
24434.7,153138,102538
29619.9,177023,196369
24093.3,176131,154330
37416.5,136302,88449
35078.5,47164,82121
31799.8,176370,2221
38958.6,3135,107806
20462.0,27238,179699
29237.7,57518,190120
25139.1,50614,8923
18597.3,24101,14911
41650.3,172125,219010
23464.0,157125,167269
21069.1,31451,22645
39582.3,34054,98555
34541.1,169844,148391
38240.6,48435,29057
35530.5,66410,77219
29767.3,19848,167452
29426.8,72452,201682
28760.0,175001,201819
37407.0,67459,42458
37674.4,72689,203713
19572.2,101866,87203
43098.2,67695,213070
24669.6,115494,18192
30391.4,52604,159986
27894.4,169209,128989
20732.4,141723,201512
28867.6,160947,168647
20677.5,115757,187537
24526.7,9138,19115
19774.4,190721,65692
37586.4,4919,130469
21751.1,167860,227
41508.9,174222,102362
24714.2,183515,86463
40796.4,150638,970
30987.7,202110,128628
30049.1,105883,221262
36339.7,212933,205883
19766.5,59204,867
27687.5,180685,214427
37651.7,31772,148699
31489.7,94088,87409
35182.3,105018,14468
33933.3,169626,23767
27207.0,89145,21091
39197.8,199348,200935
25307.0,53246,46299
31972.8,100706,173207
22813.3,182421,102263
40590.8,165312,180575
27053.4,22246,165882
29037.2,49666,36685
18899.6,6649,188675
43108.9,62517,128249
27796.9,207811,141702
34213.9,130989,139969
42316.8,212802,117783
42357.7,4303,9710
26550.0,88530,206511
36169.5,106301,30982
23334.3,171402,174932
31182.6,177754,140656
21753.6,151872,61075
41305.4,9667,192796
21568.1,171398,4997
29874.7,162102,12006
24115.6,170075,34219
18362.0,165848,13096
40797.5,215151,208062
20451.8,160229,44745
39050.9,16766,214381
38600.3,29931,130323
32993.4,161383,57821
19590.4,53121,111728
26501.0,219125,193443
35095.6,84996,31667
42591.5,150986,143100
21460.7,219264,207906
23373.4,11950,155473
22370.9,16573,31652
24902.1,198587,108830
22234.9,96974,145072
22158.2,63869,152564
19025.6,26205,207369
39353.6,160547,98600
37597.1,4097,127655
20034.2,1893,47032
41338.7,185267,170853
32962.0,74378,109110
35476.3,207681,202522
29995.5,33264,54043
21605.8,71027,137124
29350.6,62718,45756
33385.6,9862,156309
22536.0,131042,160445
41947.5,164414,216657
37721.1,91187,109782
18115.2,61771,50306
20961.2,138988,25082
33596.8,199525,141485
30790.0,121691,201937
33786.9,54554,72463
19337.3,29538,208827
21760.3,221192,124364
30537.4,41880,175673
41251.4,14163,169046
27177.7,54942,113946
24334.8,161695,211066
40430.0,118789,11355
20631.4,13751,140865
22432.4,205912,7619
30223.5,30425,18575
40556.0,189111,116607
32936.2,85451,109855
23008.5,177432,85376
23797.6,28870,85493
23740.1,62159,193396
28397.4,52417,98443
40462.4,19275,123467
32744.3,14244,114259
21652.5,159759,119273
22487.1,97906,35757
29535.1,50896,165680
27036.5,70698,53008
26464.5,8413,181458
32330.4,73558,35783
20800.0,122037,120213
28539.2,199318,90066
23540.3,77374,158239
21951.1,208290,167247
42009.6,44547,151551
42447.4,60215,22668
28374.7,136778,128244
39727.4,56739,155079
29931.9,121310,73182
18365.5,112226,192984
39989.5,64967,85798
28943.1,58302,155129
41845.6,150392,1331
28527.9,11593,10501
42980.1,192276,201485
30706.3,111594,139230
27936.9,212262,209195
35555.7,25689,118604
30481.2,21781,146404
36977.6,181707,191833
28246.8,57149,34789
27031.8,62668,169774
43173.6,4175,125772
34859.7,42415,184367
29573.9,149521,195896
32708.2,119233,121572
37450.2,184322,106262
22660.6,97103,164314
29700.3,166042,357
39681.6,18533,100893
40514.5,87269,139177
18824.4,111647,197365
24798.7,160563,142196
32495.8,54302,206488
35253.6,162648,88000
36541.2,14368,134935
41822.1,176856,95417
40377.0,29089,100389
27212.9,162302,10714
27212.4,45945,169914
32081.5,17565,146999
35875.3,53664,36282
42727.5,62556,141461
20861.7,125434,193299
41666.5,152074,184246
23286.8,195301,199461
23681.0,92461,70086
30689.9,110868,72651
19372.4,97730,90499
29400.7,131452,138066
38904.9,123250,186076
31404.0,216368,139684
40666.2,118483,162778
27277.3,176503,181724
38381.7,17203,49375
40476.0,120028,22887
20020.3,46874,75595
42148.1,20171,28669
22152.1,29366,182735
21728.4,39452,53544
31121.3,164436,5948
25387.9,178887,141933
41479.4,124231,90885
28587.3,193386,169000
18541.4,49561,16501
18555.3,210236,60903
39040.7,136215,168996
26464.1,151703,89860
34525.2,206261,85539
30250.9,174549,182678
31360.2,143777,116721
29541.8,148701,34591
40636.7,80345,45019
37889.5,59449,126941
27371.9,75535,201785
39306.9,38886,92568
25166.4,43611,162170
41288.1,186597,140330
25188.2,45969,220025
35844.4,174681,208262
21867.8,62365,30649
19037.0,83001,150608
21187.1,68264,96907
22649.3,147452,185371
18874.2,83084,90137
21728.2,117552,141522
42581.7,139891,79052
21061.5,6533,106053
41462.9,201462,38111
41884.3,83943,40908
18108.2,193592,143168
42585.1,86843,169671
35777.4,124232,75976
42434.1,197698,150399
34805.6,209604,148172
36359.3,115895,88784
35366.5,191795,125562
40684.4,36548,177735
31884.2,80761,6500
28121.1,220430,57767
29238.5,24243,85555
19386.8,168116,51157
32702.5,58233,204808
41578.8,72856,51305
18568.2,141141,222678
29225.5,176044,22905
42591.2,103395,50973
30359.7,158117,158617
30891.2,14692,174788
27098.8,38783,187685
39515.9,96896,101217
27395.3,74619,90418
26854.1,116805,147071
20207.5,190802,116449
36686.5,108949,210681
29151.1,42936,211202
36345.6,111105,190999
40590.0,36586,219024
32796.9,22564,37654
23236.2,124416,137704
42863.3,17331,154842
37054.1,23186,1735
28318.4,71651,108662
22407.3,121141,186186
32311.5,35894,52234
22687.4,100078,75881
31957.4,11071,215691
38821.5,218781,153408
25658.6,146612,193948
29679.0,7035,207413
18061.7,68859,78687
42091.9,218691,166870
29908.0,171393,174565
40495.7,109355,47021
30395.5,180313,169026
24167.7,31288,200466
24985.9,17491,156995
36788.3,152322,125956
32252.5,67609,164625
35285.0,181992,214507
21013.5,134355,192140
32496.6,221585,68036
22103.8,15338,38308
26056.0,181739,35519
27006.1,13864,71478
27101.3,166788,93319
19227.6,76457,138834
34101.5,20139,134707
22884.1,164634,48037
37270.2,156961,197297
22211.8,84569,82892
38835.9,179560,209683
25587.0,179684,182967
35346.3,25122,140095
32617.2,215827,37674
18325.0,135835,73771
27400.0,127113,108001
26575.9,42737,26848
23490.5,131958,57963
38955.7,208432,146448
33458.4,217950,137796
39321.0,186789,144470
35697.1,210391,29875
28517.1,20027,30556
38634.9,4555,125702
26774.9,181154,95045
21503.2,115851,156670
31182.7,89665,45143
35889.4,7539,195155
38527.3,58289,33741
39591.7,37318,180367
23709.7,32858,55008
21281.5,20605,111360
35408.6,205528,29287
19958.9,203080,126944
37084.8,11145,51472
20717.0,207894,172959
30939.7,15536,122967
20996.8,66325,11345
19669.4,175003,2692
37014.7,205093,32451
41186.5,53844,154036
40709.6,48439,175793
26858.6,23797,38156
39315.7,72712,151978
26765.5,42089,131238
37676.2,160682,63392
30723.7,17914,25979
38653.6,200079,3665
31326.7,187645,50213
42299.4,45029,197661
31535.6,190145,25869
41290.6,132171,223162
35835.5,96066,183011
32852.4,115255,176560
42135.2,47408,218822
26941.5,99513,111173
23399.7,59651,106844
20843.7,82386,32405
29740.7,136243,35628
30494.6,94699,184740
25264.4,189303,10645
20072.6,129423,30335
27696.5,119785,157388
36551.6,180105,220486
29187.7,145205,106766
25322.9,112187,49488
39590.7,220478,210353
29987.1,178030,96322
22518.3,176726,128882
34936.8,103905,114834
31171.1,177345,22283
21004.3,103497,105021
35514.9,26665,194361
41317.3,44229,16963
27165.5,52189,88770
23046.6,221257,105981
21093.6,219705,111333
36275.1,73011,200492
35980.0,152546,155621
24878.9,206960,209973
34224.5,104919,93348
29990.8,158116,106022
42885.6,134064,73109
21713.8,119179,28321
21079.2,128277,130357
23816.7,35286,7791
20510.0,13854,217661
19719.4,177761,7012
42496.2,100304,158488
35115.9,40038,79364
33673.6,25253,199274
19928.2,197029,136301
37342.8,207809,122164
23088.7,173563,130521
30354.3,68593,142196
26659.1,141696,143293
18445.3,200268,8283
42965.9,31230,100566
29342.9,98654,116013
29583.3,8613,46365
32028.0,204310,79441
40294.4,43029,128838
28853.2,81909,187622
27804.8,200280,28673
32335.2,128595,173035
31955.4,141398,150001
29839.4,147391,40975
30768.5,102599,69046
30466.2,99037,161727
35047.5,200925,74563
26076.2,7378,154786
19137.0,219397,96052
26791.7,194525,153083
18677.9,163880,89458
27590.4,112236,90477
42997.0,107984,92083
19422.5,64023,64910
23912.5,81815,155328
20140.5,180352,17170
39897.3,30007,88498
22278.4,141142,85489
18941.9,172429,110748
32314.8,110407,69892
18514.1,123129,154137
18560.4,82972,99021
32372.9,84520,150087
20462.7,128020,26229
35409.8,53977,88071
30517.6,212718,200514
34818.2,43680,161173
25547.9,114292,52889
30523.2,222123,206346
19898.1,222910,140465
23394.8,69508,12460
25492.5,150345,105389
38276.0,163727,194743
42140.1,188142,221298
32570.5,155153,88300
24888.8,148485,210026
31382.8,111963,54981
26752.4,20096,170796
38758.2,132288,210796
25557.7,173921,141544
25896.5,108609,105460
24331.9,135100,118811
34923.3,143540,47343
40198.6,164585,184374
31008.8,48900,151216
30579.9,173226,215982
36703.6,122498,70237
41616.5,139649,212057
33483.4,201619,113698
41552.8,190477,164300
19509.0,52598,95492
29654.7,63012,39445
36810.1,200679,78715
39271.9,107547,83533
39676.7,16889,166180
23129.7,108118,69975
38757.5,169356,42096
24462.5,157609,61900
28227.8,29768,39311
22836.3,64379,208940
38846.2,121676,127240
32107.6,114329,110629
34302.4,9700,52950
22015.8,35764,7639
24511.6,210642,72816
34598.5,46133,168897
39483.5,189392,127360
37712.3,14503,22001
25910.4,78113,16667
40694.5,106694,95272
34926.1,23673,104043
41767.7,189853,220921
21542.1,29342,149677
36508.9,31625,136828
34738.3,152153,203191
41475.2,66009,130141
40291.0,62410,157239
21081.4,211468,82158
26298.0,153177,193262
27826.8,196181,195024
23945.6,110852,57149
21635.8,45915,56127
42442.1,115205,107053
24408.5,154528,14660
30357.0,98226,183400
41907.5,82965,143063
28679.3,178975,64578
42275.5,205592,37987
27147.5,187608,96400
38698.4,5524,169187
42363.5,158810,9125
39205.1,173597,209437
41709.4,181058,206779
34924.3,66317,144894
27694.2,167496,183662
27143.9,212926,179633
21075.8,61966,115973
27789.5,103016,66986
25582.4,215667,198355
23933.6,55151,42002
41080.4,165505,83147
40162.6,200996,168933
28238.5,8881,71837
39834.4,215796,204329
41700.5,123493,193184
28406.6,220505,87221
36078.1,215021,26318
38774.9,183102,68411
30759.6,92237,110328
33173.3,213235,143583
36592.2,118819,182245
18689.2,13657,168132
34168.1,165191,116235
37933.7,35675,806
28096.7,164704,80097
25905.8,21556,29052
21977.1,135362,187056
42435.5,217742,170178
37231.7,222025,155717
35281.0,207786,83728
29377.5,192720,34998
24569.1,180215,155456
38834.6,209591,73871
23006.3,108657,96364
22583.6,98912,218806
40285.4,58847,5435
41892.4,146415,169635
33422.5,59954,23324
42548.0,51974,68624
35671.8,44238,13050
28106.1,112434,157389
24556.0,23346,96448
22287.1,148699,30762
18355.7,137845,114074
37488.7,118936,216860
34975.0,31067,58847
35981.8,49950,213231
37709.5,75487,195675
30453.0,34130,113064
39579.7,157308,56509
43079.2,74178,190502
35065.2,109662,47282
28294.8,38258,7542
25312.9,68629,61731
33565.5,65095,96898
32689.2,169668,120104
20160.6,122914,34918
39960.4,181671,104216
35308.7,186996,100531
35853.0,192965,156551
24456.9,24976,146014
19480.6,87257,61562
29867.5,92878,158957
41670.9,210304,156822
35881.1,212298,11930
18135.1,132262,162439
27599.6,103467,175967
27346.7,146685,10780
32628.3,68233,44529
30694.4,88913,122705
21324.4,83182,186189
31366.7,37170,68263
20944.4,11576,33520
30580.1,218838,73662
36845.1,112744,74167
40750.4,69000,160676
38905.6,69142,135521
25887.9,43249,82717
36569.1,128784,200192
41941.3,145666,172338
34043.6,115340,13951
22760.8,14304,60256
22615.2,123272,68216
22121.6,122456,114407
20923.8,129737,10693
29126.3,185867,147024
30227.0,129233,29488
39315.1,38811,32415
26810.0,53407,74479
22552.5,44117,196591
30820.2,71510,147651
40450.5,153531,55678
32705.4,1081,137891
37324.6,47335,109161
41194.4,64528,201393
30552.4,24721,86155
18654.2,178601,178425
21074.2,97926,154753
41414.5,27805,219408
26153.2,7569,21250
29597.9,185521,172894
30092.3,164719,70600
32973.9,1521,86357
42438.2,172011,163149
41962.6,85174,191770
43195.5,208937,149201
21258.9,12761,210123
34219.8,84717,209229
19399.5,18539,143433
41987.9,99979,24261
28051.2,46664,62935
42319.2,104573,23380
18516.9,54584,42713
27790.3,105485,74694
34308.6,171459,40405
21039.2,128672,210003
28895.4,211380,81291
40774.1,158207,34416
27047.9,25195,218117
27259.9,52395,128351
29225.1,101735,124895
24765.7,157375,110905
20273.6,110765,212597
27279.5,48852,113798
33893.3,24365,10600
30936.2,121510,177324
23650.6,179892,187075
21907.8,129845,138222
33864.9,137541,22012
25325.7,114650,20757
40861.6,125202,78746
21744.9,33499,179388
40753.2,220604,65183
31181.9,77458,149038
19202.8,20062,11821
30938.0,133864,111388
28408.1,121806,173239
36151.8,213077,66422
26957.5,153503,21435
37369.9,4264,29867
36661.0,121340,47068
37811.7,220963,103011
19140.5,109117,184648
25500.7,153933,189817
29466.0,175704,117951
33720.0,69487,89478
42361.3,212338,49071
23318.9,20505,195829
42751.1,67978,176530
20679.5,140083,4696
18147.3,30586,3487
22327.7,125074,120628
35433.5,172416,195099
33167.6,127591,79377
33586.2,161675,94562
35404.7,180956,176974
27953.9,79339,22973
21152.3,3637,50017
20820.2,4164,182460
42457.1,7029,54848
30124.2,38051,170325
24092.9,220748,164117
39626.4,141186,50047
20169.6,201777,121484
21733.8,110593,5719
20934.8,39956,193667
35705.5,127152,123598
18494.6,117837,153413
24114.3,77288,149272
38902.2,102690,13348
26413.0,26912,165258
39360.3,113190,108969
39385.1,193220,151692
33015.2,145307,76224
18932.8,104773,127428
30936.6,189953,160299
41569.1,214090,127900
23844.0,15913,138492
18479.3,151100,82798
31942.0,70214,169948
28511.9,124082,30655
30468.7,169392,90902
29297.8,114355,5454
22065.6,190371,50384
29824.9,114848,60844
30792.4,154051,179561
26546.7,157836,220847
36023.0,122805,34382
40256.0,189528,186485
27837.4,109277,218387
41718.2,171049,192566
27078.4,123817,209650
42467.7,42474,163012
23221.7,181062,196412
20172.0,126586,33841
22366.9,40976,158793
30403.1,208006,109047
41765.0,129427,79600
23914.9,145969,12333
43181.4,94053,68369
26997.5,41577,45800
38864.3,131983,8380
38331.8,88535,112884
20872.0,59425,31637
32161.9,127497,67586
43040.3,205753,93124
37388.2,201875,146020
24740.8,39630,180914
40017.1,158410,175501
20624.4,13217,114773
38134.5,220619,198119
20795.5,27758,204905
33386.4,205037,26704
38755.0,11002,132987
20656.4,165131,30948
39945.9,94801,41165
36354.4,185640,115741
37201.5,130650,192034
39936.4,40447,169631
27166.2,214738,36116
21099.2,52924,115109
42434.8,201646,201597
18166.0,218841,212112
29936.3,75171,132388
22315.8,69734,97631
36023.0,108792,94540
33861.9,64343,39743
36980.8,138844,110551
37837.8,36174,210178
28806.3,107297,120259
41986.4,135307,208301
35191.4,7802,116019
21668.7,2607,188121
38317.4,18240,22224
26525.3,105290,202472
22141.0,16113,103092
37131.6,173061,168156
21804.0,150616,15154
42638.9,187005,209471
34641.1,136256,77522
28566.5,178486,183707
31951.0,79776,189150
36716.0,90218,2071
38840.5,138357,160012
41195.4,183578,105889
29244.0,53774,142717
33733.9,162054,170927
29142.0,90505,212816
37695.4,106038,203266
22971.9,79044,22093
18931.6,87685,102234
36272.5,194000,33031
31115.8,141764,74429
23386.1,134131,144647
25868.8,89314,198455
34019.3,6139,7311
40436.0,141540,155321
24519.0,218163,202940
25659.3,110820,132454
20783.1,15714,220616
27399.1,164361,133037
26932.7,12512,198327
34404.3,32702,117633
25508.6,193163,1366
29419.3,61891,211127
36793.1,152461,148267
36009.1,164559,174462
31438.9,156119,61299
26828.5,74589,174829
37776.7,187394,150147
34945.3,187262,99002
31095.6,64915,27584
26261.7,152664,50477
38735.6,94704,119094
20469.3,186552,111592
38876.6,21481,24182
19567.3,34095,124846
23412.6,20466,96808
35055.9,105579,154203
32086.0,204164,103489
39974.8,153171,130764
34038.8,115364,180621
41462.1,128330,191815
42526.5,215957,42688
21637.5,33324,127078
35921.0,33917,184686
30932.3,138711,30948
35500.7,119388,124087
18821.7,41114,146545
27307.2,31133,157705
39478.4,28923,31684
27313.6,75914,10559
31174.0,30865,97377
25684.1,98162,79497
25408.3,7334,207409
21600.3,205466,154566
28628.3,79996,74313
23432.7,214728,193897
30317.6,32067,143533
26786.0,11713,109464
30125.6,81186,148311
29399.8,88558,204826
27508.1,218748,188752
39008.8,34815,199740
21490.8,166844,120831
37194.3,174907,117722
21754.4,190805,85253
20250.7,163779,174195
33714.5,101511,61032
40686.2,88866,141818
19154.7,175752,116155
36545.0,169323,23207
39822.0,185390,6502
32414.3,208708,202269
35826.5,147074,169124
21119.3,146630,22322
22849.2,162189,142038
32536.8,13860,149486
31148.2,196754,124737
30666.5,4892,31531
34588.0,139423,47118
42251.9,72079,206243
23186.3,217498,184973
39140.7,151926,116452
20133.1,139865,159083
26074.9,154374,11792
30385.1,6098,89117
29012.8,108773,6306
39663.1,83199,100141
24480.9,30053,26039
31652.8,74803,37757
22603.3,201406,23495
21886.5,106765,177893
22263.6,161081,85273
22572.7,186987,15335
25510.2,25885,83896
21590.0,84991,67615
27462.9,216987,31710
19307.3,62815,197167
33044.5,61994,129231
30817.3,132231,100938
41923.8,70592,15894
26022.1,144997,106712
19649.5,7577,106822
33965.2,4881,70558
31962.7,153661,176972
20558.0,200010,145413
34419.1,32917,79852
32319.8,116911,21996
39326.2,131185,53335
37728.6,37320,97859
31619.1,44089,205002
24178.1,111084,145529
29383.9,262,213029
29709.2,217414,162720
25289.1,43878,142
19516.4,126402,71644
33066.3,220066,178257
27579.9,92122,220840
33931.6,153395,220380
30860.3,11923,42314
36627.4,147608,18333
25576.1,103626,183089
21099.0,36608,190073
32023.3,73258,113236
23313.4,132335,210254
26021.3,178808,89819
34006.3,197314,185533
29408.5,64468,173611
42772.2,89556,55213
29586.9,157158,86103
18400.0,181363,35055
34290.4,536,159589
30008.5,2510,176345
22373.1,145697,182580
35723.2,199875,102967
31560.9,206387,170156
34411.9,141203,8112
40492.8,213924,176059
29218.5,32352,92535
42495.4,98664,216915
33153.0,101384,46448
39146.5,212826,182722
42791.6,32706,121292
27336.1,50591,116543
18236.0,194810,5185
37112.2,178403,185911
27017.1,23584,213983
33458.8,79476,211921
36088.8,61409,129448
42375.9,9645,73598
30419.5,184561,185327
33271.9,1870,51402
42803.4,167362,103831
20795.9,72704,149186
30608.2,44689,144647
22883.0,193675,148296
34938.8,158065,148148
22423.3,154183,33619
36798.5,33405,68058
41525.8,59759,137122
36368.3,71913,50292
39361.2,6060,181662
35078.9,161076,66301
35153.1,118994,512
41634.8,168025,176449
41765.5,13595,84672
28900.2,106660,71836
21067.3,135867,122312
30488.5,135595,198972
19095.3,189063,58863
19183.5,110116,139568
29311.3,1352,102723
22904.1,21445,149899
38353.4,193316,59147
42648.0,111101,19514
41108.3,51610,43117
26296.5,16474,164100
33757.4,7306,125820
28885.1,6297,155328
38090.0,87635,220334
24310.3,28269,124145
24006.7,89339,218239
19371.7,87448,136229
38011.6,19113,203358
33119.1,114957,200303
20410.9,117035,151764
21145.6,15908,8740
27510.4,222217,181761
19638.7,33432,16253
41161.7,115846,14362
25597.1,164150,113204
19657.9,177619,14625
32093.3,77310,222803
27612.7,25121,161822
36949.5,61108,157175
37844.4,163579,2780
29426.0,121689,208447
28788.3,162584,162327
20552.2,170635,177150
37729.8,119033,135584
26270.5,50457,28313
20587.8,156021,186987
19702.1,206940,220405
22879.1,150264,33025
34061.6,67183,93163
28609.4,189955,162752
29204.5,63740,36090
38085.0,15857,33470
25854.0,114254,134512
42185.5,197754,93780
25841.9,141857,203291
21669.7,123082,80917
33203.9,76300,96686
42450.8,135706,153731
34573.5,37906,15025
23982.2,214744,218936
32098.1,14314,110640
26664.2,52526,167917
40894.2,205852,17931
26607.1,175075,124708
35508.5,122526,157224
35448.8,151626,148398
42269.2,161507,78546
28551.1,42540,27485
29448.4,206881,11060
30497.5,969,167448
23620.2,60364,122299
33722.8,62657,126024
36511.6,213556,86904
38343.2,98543,53822
28087.9,216553,1763
27143.0,19328,93817
18756.4,30196,37329
25322.5,50961,165500
32759.3,200679,94348
19106.4,7781,52198
22985.2,45651,57395
40311.6,188438,45687
26563.4,145360,64478
22499.2,5634,46157
39240.6,26526,5503
38952.4,35977,99332
34502.7,29089,88705
41590.1,79972,119591
24051.8,212202,97609
34654.9,138130,209459
43141.9,113696,186369
19647.5,37862,34287
38031.4,50248,139606
27530.5,98108,83349
33108.6,166761,64107
41209.5,200037,161488
32800.6,140369,77118
37897.6,85899,64794
19342.1,208564,73419
39995.9,223216,133239
42403.3,128185,54850
36327.9,205695,123382
37933.1,161188,17006
22219.3,101742,196950
40237.0,196905,133472
27431.5,136024,121704
22510.8,186774,98010
31242.0,126693,187603
42084.9,124192,70342
32645.9,167275,207257
32716.4,9595,54316
23532.1,53215,118510
39751.8,103782,57303
25711.2,98850,149781
21961.7,220838,98069
24414.1,22219,35213
36940.9,77345,116524
31074.3,60339,153082
19036.8,134286,162824
26476.6,118266,122565
28899.1,96341,210896
30538.1,71570,100236
18622.9,115785,61286
24693.7,19893,94134
40717.2,77206,220883
30644.5,143301,168730
19969.6,72463,59701
20479.9,18703,94433
18964.7,52509,87492
22955.5,86308,65542
25628.4,213795,201453
35225.2,71949,49975
35782.2,36140,197232
36047.9,142377,68455
18215.1,78505,73884
38722.2,205292,105856
41834.5,215446,152031
37096.7,3117,123733
34483.1,199533,39133
39809.7,59658,59487
36228.1,55017,124371
23889.8,153879,206038
31925.9,122876,189401
38522.8,89301,207595
20164.1,221721,49242
28805.6,182961,109494
23281.5,117957,146393
18758.6,36424,151390
40018.5,80103,193411
18244.0,212441,172713
39024.3,89082,59111
28562.5,179768,197296
28164.9,204116,181015
31547.6,85479,153866
18585.6,205876,8443
41238.0,40289,86573
32318.4,209491,158073
41026.6,150438,102468
42700.3,53531,102402
19605.5,101301,49371
29964.4,86203,149294
42240.8,167510,79860
20349.7,27345,176917
31933.3,8404,216655
35363.4,128087,7035
22704.6,18216,101159
25152.2,61089,76311
34621.2,18344,119187
19447.8,135929,2895
22330.0,107704,102525
21957.3,29030,33852
31518.6,125370,194810
19732.8,54127,34060
39935.3,81200,113298
38611.0,174271,124460
22001.3,150756,81346
32804.8,131720,187897
35257.9,72205,52875
18187.6,37405,116845
19612.0,104657,158557
38350.7,137850,86216
40939.6,128701,120639
29659.9,10245,193276
20295.8,169423,119618
26738.9,220892,186554
37967.1,102521,160701
38750.4,222781,45908
28459.3,47075,161935
36477.7,120016,100837
40953.0,48088,183113
32329.1,103167,183145
41831.3,62834,41400
24899.2,164648,140964
25355.6,17496,182988
36308.8,56952,129364
28364.2,199717,144919
21055.0,96660,20062
37036.0,132224,200943
37643.7,107504,118210
22153.9,54361,132661
19124.8,7003,19187
34099.4,177110,196538
29640.0,90087,195548
28063.4,50961,103985
18951.9,65694,30063
35869.3,35777,85750
34891.4,121699,127076
29626.2,21639,143767
34557.0,187061,114746
21534.4,215069,73175
39207.4,44718,219806
18455.3,26349,46461
25412.4,140156,194365
27849.4,20338,176001
37242.4,177571,71631
21868.1,93870,46645
23460.1,9029,176958
31413.9,115882,182646
19203.5,166406,212732
31176.4,173680,187802
34633.0,26946,102398
35396.7,116388,13740
33074.8,12757,202482
27510.4,52884,65457
27441.0,62531,52425
20302.9,110541,7325
42930.1,88373,215096
22842.2,175361,16560
23558.3,25323,208908
39051.7,174092,44009
36245.1,11537,108968
30915.0,213811,85758
26131.5,164308,49688
33741.8,142004,103563
41660.9,31668,60924
23387.3,93474,84768
22375.3,105418,171440
25969.3,102022,55775
29561.2,17305,172480
38540.1,170379,163554
27298.3,17650,57294
28359.6,201207,156989
30589.3,26689,186785
31511.8,222944,149213
22320.8,24836,157251
26173.7,165379,182534
27791.8,202219,181854
21349.9,45961,166554
37195.3,180256,83353
42646.1,174685,126387
19701.3,4626,159523
40985.0,117679,100236
30877.9,194462,60928
30686.2,184714,3484
23861.7,161572,198951
40598.8,80962,61969
36595.4,198507,63844
33618.1,15708,36059
27438.0,77755,52956
21822.1,53578,168306
18955.2,190135,156781
42911.5,116320,193791
40108.8,35197,72909
26002.0,206299,199358
18998.1,207560,108761
34330.8,75616,196752
18597.1,222018,192118
26348.0,63504,53953
31590.7,174327,65100
38196.6,182525,188613
23605.6,100004,136700
26105.3,115962,165093
18152.3,128881,18346
42032.3,13659,166295
42998.7,53535,32915
20312.3,155354,143876
38946.8,53575,61947
30787.1,111736,190051
29770.3,43033,189182
22977.9,111153,46251
33267.5,79456,74803
32525.8,166619,52796
24850.9,204810,126136
20016.4,94262,104397
27518.5,123394,115704
28652.0,159749,192656
28922.4,40862,214854
42034.7,126353,5193
37200.6,112039,21818
37123.2,78703,156023
31537.4,144926,190486
22427.6,99732,121543
25707.4,74245,98342
32166.0,126050,18858
26397.5,187397,123013
22932.0,49709,1095
18323.4,131255,191461
36278.7,128831,106051
41327.4,103455,194561
27403.3,128332,80690
34154.4,154221,18673
28301.4,10178,32631
27697.6,148270,42562
22894.6,114372,66914
37436.0,197021,189332
26784.2,185893,128089
34001.5,96516,182571
19454.2,101012,111159
36538.7,63531,125232
18869.6,213156,94742
33900.0,177320,7407
35576.3,169170,38766
24585.5,119398,178537
21713.7,64858,157849
32574.2,173697,220598
22068.0,30600,202105
20326.1,186544,100754
28021.2,153658,21062
31067.1,49498,110872
22178.8,111901,66288
35434.3,131241,139775
34593.8,100345,153637
25761.1,107900,197253
40085.3,190749,23297
20753.7,150106,203604
38097.9,213444,37411
24779.3,54925,196159
28028.8,80766,1683
42873.0,214011,128902
18039.8,18308,202832
35547.2,137615,109272
34493.9,192162,112970
22300.0,98212,48863
35742.0,51909,127525
22586.0,28898,118138
32290.7,55724,48663
23063.7,196585,47901
38391.3,50301,67987
42770.3,107162,115534
33796.3,163688,28624
39882.7,43548,20921
25386.8,99019,32684
24974.4,89693,7776
32758.3,125277,127190
34954.7,26426,2492
19538.6,197079,1894
34766.1,206885,10973
20440.4,136926,207562
18183.0,158068,136334
42869.8,199586,69687
41489.6,124054,198419
26493.2,112578,88224
27343.8,89935,82634
38584.5,94689,174346
28041.5,160119,15005
42577.7,86574,211358
20524.5,119778,183057
28125.6,219000,36402
18647.1,32216,139101
25042.6,183308,196985
38539.3,96581,118467
33582.5,172720,124570
30975.8,173074,49266
18078.9,167267,213023
26119.0,166140,94425
40010.5,211696,192888
26203.2,116472,61225
33290.4,104900,193778
33437.3,21330,91313
28783.5,124812,172579
39598.9,26333,192486
27698.4,159166,51138
35940.9,136329,149918
37778.5,187869,132287
18800.0,130528,208881
20194.7,218196,176439
43106.9,122369,44054
40589.5,30324,126397
34698.6,63150,63794
23333.3,197460,172948
35637.7,27648,114004
43032.7,7660,42004
41410.9,85590,100529
37311.0,57770,188527
24492.2,124859,175794
21102.1,35587,140127
33965.4,128964,23708
38047.6,87241,58669
41480.9,200890,157464
19629.6,89974,98830
40936.2,194764,192938
36270.7,171421,168323
37784.1,114547,211929
23880.9,67919,30327
25332.6,29198,23367
26574.0,155241,49324
36764.4,30436,150166
27267.0,82148,99665
32538.3,440,81474
19559.5,140405,49770
39347.4,111070,83792
37436.3,209064,178074
41534.9,33110,136249
34726.3,154868,58233
20686.0,2408,141110
39479.5,82818,37932
38566.9,77810,219471
23516.4,178252,119481
21715.1,74289,38239
36825.9,222593,210053
38859.3,9003,156992
26067.5,131695,180512
21111.3,222211,185210
32464.1,165433,217235
23435.8,76413,184586
42355.7,15417,212391
26395.2,217025,187895
23307.4,192061,212446
23671.8,192866,13779
41263.6,203433,46929
39590.8,190682,102710
25537.4,213650,172818
40991.9,41731,5653
31808.2,88450,110739
35083.0,91306,198630
27862.3,18828,138371
36314.2,74020,182550
41261.2,183791,143657
27923.1,34314,84782
36957.1,152144,211044
19363.9,186014,79711
29529.8,42911,151298
21466.5,182440,126469
25335.3,37964,54988
23497.0,196183,51289
36530.0,2394,94955
36294.1,150911,26725
35093.6,38693,98711
41950.0,111964,178112
39209.8,14766,25178
26960.7,124223,47089
41815.6,30761,135118
34382.5,155554,113723
42437.1,164357,189412
28180.6,8911,31143
24069.6,128090,79348
35337.2,45216,171126
36779.0,203384,181349
42977.3,175829,172626
20258.2,121549,214484
34387.8,72146,165762
34460.5,96291,3041
21024.0,21662,31995
30328.3,175319,133627
23668.4,153839,150203
42881.2,125697,71755
35481.9,24786,208232
32940.6,100652,126927
43198.8,184218,113680
25518.8,32829,26067
26195.8,187110,208463
31545.3,106254,213088
35658.7,103231,145767
38600.1,205383,212912
31358.2,16759,136026
39096.0,141290,187105
38634.5,170839,32529
36988.4,54385,172643
40619.6,47360,157051
35519.4,1395,145416
29270.3,82390,32255
18986.4,150754,54061
34446.5,23021,147455
24470.4,197412,9176
20132.2,32693,132683
25524.2,142718,44984
28660.9,172532,22
24258.1,12102,136168
40796.4,76912,172794
31459.4,36662,151275
30359.2,82034,137013
40951.7,92305,158904
31562.9,55008,180336
20495.0,214896,11727
23974.9,49302,37137
25552.7,218268,56416
42127.1,157848,144722
23444.2,94126,72717
21238.0,163135,110628
19873.9,66838,68334
27620.9,42813,104873
29492.9,66631,177347
28718.7,182063,37550
31504.8,18496,165037
36463.4,165968,182662
34268.4,187287,97554
32203.8,169809,215091
30888.0,43002,110018
38703.5,82931,206512
28927.4,6792,158232
24236.9,70811,32668
31393.0,179301,143751
28250.9,86339,167818
20242.1,87429,203966
24886.0,209216,59183
24895.9,25676,98869
42683.0,58255,99256
41984.9,205188,32375
22428.4,190926,80360
32838.4,211497,128350
20407.6,91462,183620
32418.4,73923,144583
24830.6,25969,12573
22302.8,197098,102121
22552.9,211310,194326
35080.9,206765,139377
31902.1,222725,105552
30016.9,33442,67911
18239.3,134628,186967
21918.4,33126,37400
27545.8,192786,70089
19332.2,190164,167560
42557.4,185467,203824
24277.6,159567,109640
35811.0,47999,115070
42853.4,209313,122857
30656.2,72305,112136
31119.0,188341,213391
23764.9,166627,22791
41875.9,106565,202002
25881.0,23629,166376
20002.8,191352,62924
41810.6,43283,150815
19446.8,194880,74934
31964.8,129197,211903
40033.7,111144,177480
30818.8,191574,35763
30087.3,135007,179600
43148.5,139567,182945
21142.2,3643,161555
22792.6,217945,195537
18183.7,111405,184180
31465.0,90455,64022
43054.4,173322,215839
43179.0,138441,179326
33351.7,159219,117611
42309.1,176821,200202
31192.6,59000,45826
19893.1,220046,34948
30944.8,13344,110814
30486.8,44691,97854
42437.2,88593,178012
24294.1,141326,223026
37313.6,30897,76038
25539.3,76951,69402
23369.3,193469,165459
32334.8,57006,79906
41413.5,168551,135142
38808.3,9287,121387
40490.8,222390,127996
19448.9,1544,161357
29600.9,78210,92770
20700.5,91677,189381
22691.2,92938,2323
20553.7,128986,51785
20135.5,134825,40294
28350.1,127772,1811
21921.9,172132,65571
23697.6,103640,98122
25542.0,112287,47757
31518.0,70643,28493
42932.1,172039,220032
29071.8,36667,92730
36826.7,1523,94171
40266.1,185917,52026
20788.8,74684,10552
21368.7,110377,195015
26346.6,8285,42024
34788.4,125644,174389
42769.8,31140,110387
30324.5,129910,209668
35179.8,33406,85167
36927.5,204560,104825
30646.8,194482,221003
38806.1,34450,28765
42133.5,207804,5544
21178.3,90209,131072
18344.0,179421,61998
19311.4,217536,89690
28827.6,156522,193313
18202.3,125879,75881
25112.0,21656,199465
28809.6,161903,39975
36377.1,48984,65396
25084.7,30151,69082
43055.3,64842,174674
38679.4,52012,124228
35802.8,212324,27017
35668.9,131683,160196
22565.9,154978,164864
33988.8,60131,31578
21333.9,10057,71791
42958.0,38327,111752
18445.1,52335,23838
39781.6,99707,106770
31229.3,183542,166018
42699.1,58137,88127
28737.1,16082,133657
28762.2,13541,79767
20773.4,95309,73546
41763.6,186537,109595
24223.6,12466,47645
19030.4,13665,173127
36767.8,55568,74794
29895.9,158996,26414
28858.9,66129,128787
27162.2,79785,29236
20441.6,3581,179034
31904.6,34159,86825
27086.3,212345,94734
36721.9,154379,138638
33238.8,62456,170458
24953.9,153177,100676
20198.2,27883,34205
33864.9,157767,31550
19034.2,171535,214278
22798.9,184722,116855
41322.6,19629,143282
33599.1,79030,190146
29949.8,199488,52952
31445.7,40284,11484
21221.4,109631,144309
35932.4,199060,221796
40851.7,91052,95947
29301.8,188042,30783
40953.4,17749,126568
28558.9,132086,207325
18551.2,157064,71866
35557.0,33799,75931
19145.2,148419,15936
38018.6,181876,49857
36666.0,104200,129768
35254.3,134607,19657
22171.1,196798,133504
27680.6,204307,102300
28101.4,71170,54244
22638.5,41943,149919
23488.8,182641,2322
40154.7,207263,134426
29477.1,185533,188895
31231.8,79537,57759
25468.4,70389,144743
21001.4,58701,11957
31445.9,76504,10247
34118.3,72812,34857
24815.0,207256,13505
34188.8,65275,215852
23291.3,30457,366
34345.9,165854,158638
42499.9,85081,21822
41850.0,143989,69216
36196.4,107044,160296
25431.4,15011,164090
38561.2,215988,93187
23525.8,73319,46330
24450.9,4099,140873
34564.4,203996,204606
32698.2,189425,195499
35340.5,171396,67461
39924.6,166279,158424
31882.1,214131,115916
23560.1,70462,53456
32657.9,211742,197367
27965.7,116930,60744
36391.3,113745,96636
21738.0,125568,24560
30498.2,120426,48503
38553.1,46166,49508
32355.4,191228,47292
34318.6,5517,81306
22105.5,46591,214302
27933.8,159336,49243
19750.2,18887,111776
24180.4,169114,105514
20525.9,138091,35990
36314.5,211810,3090
33203.0,99057,100660
18522.0,216678,3552
37238.8,168947,11466
21330.9,201881,21914
24744.9,164465,157191
18340.1,2463,207529
20679.7,192972,214500
26527.4,185455,22273
23098.5,125940,199143
32183.9,116477,213769
22111.2,86967,125542
21893.7,14647,142482
35439.4,164491,142504
21101.5,216249,11672
20590.9,77788,26887
30890.9,219279,108864
21574.2,58802,6291
23712.2,101025,38633
26903.4,75195,59214
41226.6,179415,100858
35306.5,187393,215688
40720.7,128927,44448
42967.4,58857,26669
42103.0,73875,93666
19922.5,87483,31024
27084.4,22230,11363
33233.6,46679,112362
31368.1,157184,47543
35121.7,39379,174921
35316.5,163776,214319
25232.5,27242,71065
41089.1,173468,96760
41508.6,212525,186464
38126.8,206793,571
39715.2,38965,203891
34527.5,83953,38739
27843.1,189095,208889
37795.8,125418,213555
19696.3,151478,112054
42181.5,73000,37923
20279.3,33432,47676
37341.9,92434,83706
30454.0,126166,181776
42515.8,157743,208011
34042.4,36233,210276
41789.6,64463,100449
28550.2,130312,141229
31451.0,139584,140564
38699.4,100827,21919
32640.3,110583,138135
32562.5,181796,212675
36856.7,184311,22872
23926.9,751,53288
43046.4,4496,95000
32071.0,35020,28876
19501.4,91579,94596
39388.5,204117,214698
21511.6,120688,37785
39048.4,144572,110382
24110.9,217008,58874
19407.8,36123,30732
42243.7,184539,37506
27512.0,6906,182484
42315.8,97434,14177
35675.3,173735,152464
19859.0,219529,155694
39936.0,7913,38505
27204.2,20707,64237
19942.0,149207,217859
38505.5,39247,200649
22597.1,194919,36729
36852.3,183124,78514
29848.6,189414,88430
29188.1,169042,182254
18332.9,29167,40864
19512.0,168415,8419
33225.2,45503,131935
22040.8,103911,218282
28675.2,119091,145268
35927.5,67647,149963
30647.2,185952,59589
28676.5,41104,71257
42522.7,136708,98975
42643.7,32802,194808
23339.0,162278,14679
23516.4,48154,215614
36799.1,146615,158618
39211.2,214055,181515
29804.6,82100,171101
34175.6,216859,99737
22153.6,210590,97380
34295.5,51047,70757
20731.7,20397,95080
33200.4,221933,87941
18706.8,73978,42666
31647.5,17123,55550
33047.2,198317,81033
22731.1,52881,167349
41415.9,63002,70560
20143.0,149454,148058
19130.8,207152,126827
19151.2,82465,24434
41776.4,2222,93493
36942.3,104369,131128
22911.1,197090,102404
36287.3,33952,184197
35002.1,86853,106767
40592.1,132010,26477
30654.9,203177,39370
18596.9,208684,100168
30019.2,9806,76053
22062.8,178880,121400
19984.6,164089,24455
42011.0,60704,56530
38348.4,171499,36926
37374.4,42217,131496
31010.8,191029,159577
34415.2,201493,89499
29276.5,34392,88872
25329.2,163439,112958
19008.3,186846,202945
35208.4,62681,54741
43124.6,159089,19660
42142.0,148609,164571
43059.0,25534,210954
18376.5,200885,81144
31787.8,209029,204851
40557.4,130786,24671
29461.2,44490,77491
22069.1,73431,151129
27155.9,23390,18647
22515.5,202359,120780
24500.2,124062,67115
37231.3,115879,170470
41288.9,32497,149090
30304.1,95282,75137
28103.7,162446,178411
21250.4,96136,134343
39289.9,82220,97958
20104.0,108316,132629
29342.3,178927,11187
33639.5,168785,14957
36674.3,64177,183434
38695.1,2082,40517
39497.1,76194,98519
21986.8,104668,19130
23620.9,121183,175413
20356.3,122127,122811
34190.6,214509,121858
20749.8,47257,191831
20730.4,104056,201383
28914.5,105256,86172
19624.7,89764,158431
30254.6,184101,194323
30000.7,72974,119165
18964.7,40826,123199
21666.9,55959,83935
32318.8,157568,202953
27583.2,211952,94763
37896.9,124101,55946
19362.8,6014,198866
35228.5,70739,66078
34019.3,21912,37155
19745.3,106186,21419
25518.1,186700,118337
39956.5,137567,56126
34875.0,68012,48255
38929.8,24232,112337
26618.9,197440,77831
22146.2,91560,109864
30137.0,140379,180572
37753.2,182633,114500
26938.2,181639,149505
27806.3,2603,147038
37733.4,156533,52051
19960.8,175102,151647
33536.1,84864,174080
42856.5,192507,194730
38795.9,192184,82972
18357.5,120234,38662
30586.0,82944,29781
37958.8,176670,106531
24622.6,189342,963
42903.6,218237,32956
33984.2,167488,151618
20455.6,57310,195482
42671.6,110146,182569
31761.4,43542,157533
27514.4,91248,54988
41999.9,178160,151214
42068.6,97060,213327
27167.6,79152,80469
30652.5,32701,183321
30578.1,119537,108541
28341.7,92330,217103
31670.2,137145,200561
26462.8,46088,120277
28795.3,46372,144901
32991.3,142282,114262
27615.4,221535,172911
35351.5,114686,166227
25137.9,162627,26011
43083.2,211272,219476
20616.1,170295,4306
33529.8,107814,27177
30509.4,197060,163532
41366.2,26136,166074
29191.4,152366,211254
18822.4,75996,223269
28600.1,58426,203654
29456.7,99897,30015
22928.1,123096,32621
26835.5,208077,121620
28406.0,215067,169046
35736.6,194288,103758
18191.6,98210,205048
23643.2,74345,70152
40166.1,69336,80582
39129.8,208440,108715
34967.2,1089,108673
18823.4,6880,40206
37920.9,220402,214094
31077.9,194313,157272
26000.3,44672,149995
43019.3,63394,145683
42532.0,50504,161550
34239.7,217199,13521
38193.6,151480,112486
21247.5,166795,102344
42629.4,45538,105675
40785.1,135601,41535
29022.5,26103,186128
38189.5,132187,31030
33912.3,205594,102763
39244.4,164447,68217
39100.9,41694,84516
23134.8,24448,6721
29023.0,164860,201859
32950.9,7292,162031
35830.9,20649,149892
27636.6,194599,192458
21289.8,118936,166320
33913.8,93879,48904
24041.0,58131,77836
22884.5,220320,64291
36303.1,211575,206057
27528.3,68283,172820
19304.1,21748,37688
33811.4,167349,151874
39846.9,29080,120357
41365.4,32160,28069
21574.3,68680,47350
20338.0,129563,221413
27107.2,219759,54518
27848.2,128722,208520
18553.3,19287,127537
42172.3,20004,55127
35320.9,98370,82204
33965.5,118195,211956
22059.8,78316,2658
40771.7,172927,148712
33906.6,8244,30725
42593.1,90907,126854
43071.9,157284,143257
18126.4,136773,194431
24413.4,31875,50553
33274.0,140497,6039
31053.5,199481,39936
23450.9,95653,30091
40644.0,7732,85862
21491.8,21874,190773
35428.4,33182,70147
24896.4,52228,24109
26783.5,144571,170898
25416.9,195348,212077
30494.2,134389,104842
41243.2,65560,45340
22986.5,221783,188061
25083.3,102976,26973
32707.9,200919,154030
25851.9,208168,53957
42034.8,127882,113631
40248.0,111080,156324
36826.4,213881,83558
33697.4,159198,100413
28818.7,148672,92514
27423.8,165858,214785
19619.5,43843,8849
42144.1,66339,153844
28327.2,158304,216710
40106.8,139066,92341
28037.3,30054,47160
38387.8,112561,207328
22685.1,64308,19042
23422.6,97428,97508
21655.0,82431,32061
18242.8,180431,2857
36063.4,56039,121995
32300.2,84295,60987
32153.3,101080,74347
33165.4,138218,57006
20593.6,72888,187764
33319.2,211662,175989
19885.6,169415,110559
35189.7,114086,83304
38497.5,51943,51674
19251.4,129481,130718
19179.2,71936,110424
21005.3,118694,44863
33156.1,154971,100363
23957.8,5575,74720
18449.5,205338,150931
42896.5,121050,74544
21302.7,105594,9701
40574.9,138284,10255
26502.2,4265,18206
29841.3,217540,210374
28460.0,78904,72004
25993.2,90655,104947
20010.1,203060,82096
30444.2,12339,103108
25520.8,119165,129325
39386.5,31827,221007
27422.4,161998,26933
18738.1,12539,216388
18262.0,27560,84635
39707.0,189858,114211
23703.8,23073,50111
36247.5,212934,96699
38566.9,140917,1295
41539.6,13760,68075
40259.6,11292,29046
19209.7,79767,19671
24645.9,180334,160628
37949.0,99498,70755
35606.4,36113,152948
29609.5,33105,83711
39719.8,197403,153126
40372.5,108342,166960
29258.8,32079,136777
31295.2,151489,125285
34664.0,73542,84387
37470.6,126538,59200
20313.3,200855,77656
35926.8,92539,146411
39055.7,63537,172878
34307.8,53973,182180
19966.0,129657,15798
23354.4,175767,56658
29797.4,100941,49261
30288.7,89246,54699
38512.7,199649,138318
30951.0,82145,199357
41798.4,185732,119019
34513.3,222247,132254
20662.6,34094,57353
41100.8,101076,118602
39870.0,134601,53220
37656.5,49270,17993
25001.5,43043,179900
25740.1,151320,169969
20572.0,120836,28094
36774.7,63062,4348
40531.3,49028,69928
18720.4,173509,139168
29406.6,69619,31018
41358.6,22037,92910
28873.1,39484,104052
30655.2,133149,87487
19339.6,71457,96935
20464.9,170032,100275
36446.4,110779,50838
25408.9,105563,46306
32970.0,138821,159238
30439.1,113656,28622
35165.2,169435,65259
42166.1,57561,30195
19339.1,9355,150793
24707.7,17261,139495
20546.0,59366,162587
35627.7,106052,102736
27900.7,57642,192393
38766.5,181320,70324
30478.3,44834,205973
23130.1,166959,75495
35787.5,75491,192382
18078.3,48517,131921
40876.1,163084,124979
36625.1,180338,62552
22289.9,178636,18207
22199.5,87072,119332
21574.2,3338,174596
29959.9,87570,5459
22473.4,69162,20179
22302.3,199297,2551
32968.9,124211,152871
18025.4,64883,123880
20756.5,214676,4558
32295.1,76194,218984
23752.8,131896,43857
37025.8,203228,24617
20519.8,210735,192986
26459.1,128624,192627
26839.7,143055,67460
34717.9,66463,95496
29560.5,216989,92438
25588.6,87487,135746
37518.1,221170,156170
30205.7,70762,179774
31086.6,167719,5433
21727.1,107562,57738
34616.0,37128,93636
30545.4,64059,151410
36673.5,112910,94219
23198.9,23402,50814
41200.3,99032,167440
20719.9,71807,164335
35105.8,117773,138125
22408.8,178013,91447
40377.5,102505,154441
28515.8,72416,81087
22802.4,151916,136335
35686.3,218673,160528
21098.6,208491,119282
32279.9,207755,207707
26744.3,28885,2184
30573.0,179706,38569
29751.2,39381,137150
42360.1,163524,146313
34740.9,79598,127618
25264.2,209658,77260
18392.9,10735,56970
25132.0,155470,32357
19340.5,80169,1334
28844.1,173081,218656
18016.2,65911,36102
26825.5,74256,205852
39647.1,174411,201558
32130.9,22545,186960
24820.9,192165,51570
28887.7,21159,76232
23515.2,124040,92964
24268.0,177864,166997
27733.3,104625,25726
40504.4,79173,156510
25830.5,147824,114246
35108.9,84536,210863
32569.8,179128,201237
23027.6,35570,109133
31968.0,78921,79952
20157.1,148547,164710
29621.1,48069,98557
37716.6,218589,114528
20420.3,138037,115841
35492.2,132072,179611
35957.5,122782,92849
28777.3,110233,107546
29624.4,146514,6926
42128.8,110341,23181
37047.6,161273,79269
37823.1,152128,134271
27402.4,162762,142414
40677.8,76898,14034
37034.4,102933,33013
28154.1,1560,121322
38348.5,135792,120644
39147.8,22192,14337
24808.4,170362,28062
26403.8,25532,215466
25322.5,126213,181034
26349.0,15955,31835
36659.9,176793,133908
36632.0,13898,183913
23167.6,37788,147337
36658.7,129841,35757
23633.3,177125,167685
39476.8,78877,164689
25834.4,1691,211187
30220.9,180296,52612
20890.7,9,40113
33215.5,31728,136268
20441.0,53554,27159
29938.3,218294,132593
29184.2,14589,31932
25558.1,126804,48246
38670.8,220652,222226
31777.3,215400,160631
35169.3,172532,161784
21104.6,38337,166775
18545.8,37142,214577
36763.9,63093,44767
30890.2,183403,143309
23048.8,125951,76031
25294.1,26219,154340
30422.7,175033,72137
27858.0,182885,209677
20704.9,109286,213252
28705.8,7332,74297
29518.5,147904,102086
18277.7,79367,8934
34256.7,172278,162496
29200.9,92989,36517
29791.3,189547,120153
24978.0,41501,93781
30616.1,131912,55254
26790.6,185132,137640
27843.7,16453,45743
34529.2,92239,171949
36124.1,88943,120450
36022.6,206227,36710
25014.2,199913,172607
25633.8,103266,17880
41087.2,169118,126810
27488.4,123667,158817
34606.1,151005,185729
41370.8,203265,172728
31240.9,33927,182915
26166.7,152233,91251
32729.2,217549,105846
19702.8,7738,192119
22011.3,25307,174394
20676.8,178080,124888
26156.2,60695,202307
38375.6,192059,208563
23962.8,45612,190883
40490.3,198132,110115
41243.9,16233,160406
24312.2,9808,221984
36898.4,115744,200108
27432.9,165489,220379
18742.4,45630,84189
20713.1,117836,98993
21357.1,167089,150412
32023.0,51306,66190
30375.8,177956,74996
23682.5,194551,42490
28938.4,138550,211988
37908.1,22549,152596
18610.9,175284,25219
23129.2,212338,36847
40510.9,94256,203000
28282.3,143282,18865
26585.9,178876,191359
42135.1,190915,168357
31309.5,49843,218209
23228.4,216944,124186
30621.4,93450,162130
40673.8,36142,210133
19692.3,112069,163963
27478.2,18577,149199
19969.2,205098,135593
25515.3,30913,130734
23810.5,157676,141698
26339.2,58725,215306
41703.6,217094,65898
27838.7,93822,17813
39985.6,41382,75515
19884.4,150826,63281
39500.5,160234,131084
25868.4,162174,14849
31757.7,29065,152770
29868.7,68957,171240
18755.4,88616,110468
24574.2,87697,200470
19496.7,53538,143415
38582.4,86405,198533
34716.1,16339,61765
30437.6,211199,147811
40789.0,184311,218891
37292.5,9269,90661
42722.6,109114,156800
36630.1,21127,144552
30065.0,33938,70912
36227.9,27279,9332
30514.2,59046,170481
26826.5,125198,79539
37694.9,59704,5621
41467.4,6908,202798
37701.9,51425,140033
33325.1,99454,178766
35226.6,4743,144833
30150.8,101482,200718
27506.1,32830,112648
35673.7,144059,36115
20912.7,30931,161389
42759.9,96392,92219
22879.9,114432,15184
24001.9,24114,154302
18253.3,108282,195946
36964.7,211742,207927
31512.7,12000,210178
18375.4,188698,65515
38478.1,20083,14851
21193.2,47341,74080
19101.7,91663,157919
34511.3,64027,76654
21268.8,104285,125488
34571.1,172121,20133
19924.7,142513,53965
30472.2,192733,213234
26995.3,57746,116271
35971.0,96189,204526
31895.4,171348,64017
31276.5,70132,83586
35583.8,131975,27362
19360.7,107697,184943
41954.2,127456,73343
19976.8,35948,220574
42593.6,60433,79937
36696.1,55251,32177
27384.2,214009,206553
21577.4,61631,183066
29095.0,200328,118951
42016.7,5580,130785
39075.4,70857,72867
32823.7,78751,216839
42320.4,15655,73162
39535.3,100646,129854
18475.0,100293,100837
29189.3,58837,53930
27559.0,172995,113006
31418.8,173120,79992
18788.9,200014,91174
41618.0,159577,197781
40507.9,217096,68821
38418.1,154916,56765
37082.8,89376,190260
38896.8,113790,112079
37721.8,192784,197237
19439.4,28628,145042
27780.4,189083,177725
25242.9,140184,121504
28680.6,188539,148977
37379.1,68183,42611
42199.7,122508,195463
43013.8,62449,34569
40874.4,73583,209607
35201.5,71930,22422
43169.9,202201,142292
25454.8,149705,103442
18972.9,71898,94816
24772.4,65670,205108
34456.4,202260,159383
18310.9,80450,149013
34651.6,219152,69341
39359.3,116341,121300
18435.1,2325,122274
18932.5,94037,125883
34071.1,145911,57106
28297.0,151930,20852
24966.4,159993,144558
25913.5,16788,115458
22531.1,200796,206238
24958.8,129742,33350
23731.0,45742,38509
39955.2,171960,12997
23863.3,171599,10093
22643.2,132833,115424
32613.2,10998,145072
36077.4,15941,187314
42997.7,67487,4225
35095.4,222667,92624
31619.1,11726,157438
23914.4,28616,20310
30774.8,29670,133964
19951.7,53488,85403
32373.2,217353,215664
35161.6,18715,168266
28747.2,74208,37507
18622.3,159112,206612
27079.2,106990,170912
27442.8,77086,163031
18785.2,96548,11694
25330.0,39338,154986
18643.5,159655,55438
38362.5,133902,187634
37678.0,133216,205381
32653.5,90191,56326
27546.8,152747,8545
34557.9,39341,99900
37217.8,170187,20563
42070.5,58872,148216
30688.1,150585,165235
31815.5,109597,141287
36472.8,222191,138348
38114.8,159148,123818
34611.8,136402,115610
25986.9,51124,219154
32496.1,63970,86162
24125.4,201233,94886
23818.4,82527,196133
42504.4,181684,63188
29214.2,107459,94864
20008.2,146920,132551
19926.4,94973,171266
30200.7,60384,117694
37814.9,60231,149249
38861.1,32841,140932
24172.6,106854,176712
32735.8,36212,158740
24559.0,75205,89540
25908.9,21366,107086
28609.8,38901,150998
30453.8,202544,51931
40676.8,119031,4066
22202.6,109740,69042
37290.8,186484,123171
36719.9,33134,8932
39013.2,6273,180891
22206.8,19140,34702
30975.4,138755,101741
40787.4,92895,33411
28138.4,145998,63290
35942.0,31202,88292
40615.1,88248,155052
33340.7,28251,189315
19140.0,193658,93050
41938.0,107184,165368
29333.8,218839,114213
25290.1,125070,183530
21392.1,48090,189715
37302.1,214985,133529
20111.5,2040,155596
32944.8,176660,170237
29428.9,84000,114972
22453.4,189407,154161
25038.3,202638,25401
23853.0,129313,89421
19216.9,135706,137676
32611.7,221266,111854
25188.5,100681,83513
37084.0,37538,10992
38512.5,192577,191623
23309.2,136088,72943
32493.5,161343,82409
20506.6,74656,43409
20987.5,71787,127568
29060.7,44386,75622
41668.0,68007,158903
36987.4,60732,174701
25021.4,25159,54222
31914.5,133352,197883
22255.1,156864,10418
42188.4,141513,141011
38134.6,1747,128022
38979.1,6757,96872
23119.2,149727,111805
36448.7,136549,33076
38942.2,77317,28734
36049.5,221444,31441
29199.0,113315,129303
24629.0,35866,72994
36437.2,30529,92725
38251.8,195107,207964
23605.5,19490,85751
21949.5,87906,72380
29427.3,192812,134439
34936.5,19421,185285
35336.0,10055,113607
20531.1,184838,208194
31136.7,49911,220576
32065.9,219580,164123
18898.0,166329,164439
18200.9,35880,153706
27480.5,57726,176514
22931.1,123237,39697
30209.6,49048,192298
30517.5,34548,52054
33996.3,23255,135346
39600.4,196462,56148
18080.6,17632,128631
32055.0,54669,186119
22488.5,109617,180350
24629.5,99690,165419
32714.3,167173,91410
30202.7,172213,47202
40122.8,220382,60789
40051.0,175105,127155
30353.6,165157,102815
33065.6,142452,126080
25444.5,57391,29456
42265.6,197908,200261
25239.2,117223,85300
24234.4,111375,30361
22440.1,83599,173175
20861.1,182706,104356
35761.4,202816,126809
39171.0,128234,157563
28382.5,61567,7592
25331.4,133034,56388
40423.2,205213,107218
19532.2,202322,84722
24592.5,83261,107801
27862.7,115854,111463
28046.7,14321,70337
30234.7,57395,89087
34033.9,11961,80874
29280.4,58015,150078
40065.7,140512,54054
37644.7,28918,160773
33390.9,33873,158586
31602.1,189327,5535
38220.8,23659,204585
35759.2,92458,201023
37303.5,16636,171686
19240.2,55171,94921
31493.9,41154,219715
31499.6,188172,60118
25312.7,42311,98010
26353.9,56522,144952
36480.0,3575,9456
39306.1,197950,138033
20583.5,104316,207445
30219.5,41142,74210
25597.0,60294,165558
37464.8,64830,8854
24865.9,32412,213121
37758.2,171776,105054
21306.1,194124,70778
39722.0,20061,19369
30713.6,184415,199854
36462.5,5283,3864
36714.8,142002,158563
41158.2,25049,192904
32822.5,102530,50930
38953.1,81838,205723
26157.9,134310,194899
18590.5,71840,120299
23107.2,69276,171979
32520.3,98718,76346
28824.3,58262,106517
32137.1,126707,74559
40873.2,139776,132800
24164.3,4512,130294
36334.4,97710,199937
31773.9,28391,118559
23646.3,6525,104162
37434.4,117200,96946
30015.5,28560,168511
25827.4,37688,212252
33873.8,21924,25005
32134.3,54442,128401
32953.9,21990,37048
28160.5,219695,124129
31189.8,220109,148541
37166.7,15448,201171
30434.1,107966,81646
36660.9,218712,39482
18920.0,180616,148193
33088.0,1460,70292
35398.0,197928,147432
38026.3,143022,131023
25888.0,170920,61797
26110.3,185825,126614
30963.7,193903,192169
20052.1,27536,111595
35621.2,98483,33366
37073.5,42491,136298
36853.3,43567,51738
29027.6,29796,10239
40314.7,129809,44753
33779.4,137517,127714
21524.6,143415,109614
28065.0,77791,30823
28974.1,77128,188728
41233.6,177388,71069
31166.5,161244,97421
32208.0,43501,37097
25313.0,179574,53598
38230.9,187295,97321
31088.4,65860,123760
29664.6,86553,195759
36147.3,35478,43054
31214.3,217424,124222
18247.5,109131,46982
21788.8,17576,1468
25858.4,49197,52236
35489.9,140963,120217
26342.1,16019,163832
29811.1,41013,17503
26831.4,146579,59252
26692.9,3703,50499
24919.4,215155,111716
32728.6,80150,96278
33737.4,105714,66781
32140.0,168191,172849
23105.2,155356,39956
20595.0,56738,73396
22493.8,147760,26823
21192.9,136922,153961
34249.7,100387,86549
32506.5,155233,158538
24986.4,211628,193269
39957.7,175242,124100
23274.5,700,205354
23842.1,56739,23943
41424.6,161198,38401
21612.0,124640,64
26148.1,13681,35907
30895.0,115261,111517
34754.0,85744,79313
30609.5,30748,63117
32115.7,98909,202878
27715.4,124381,93058
25856.4,136835,83092
31373.3,158696,220775
23390.3,43546,166138
39006.8,186475,37456
39164.9,146928,115775
30350.4,206822,65677
35271.3,146251,114141
34432.7,46664,6631
39826.7,122178,202046
34885.0,190969,111169
23387.3,146746,50065
27637.9,46925,195986
43085.0,51337,115888
27097.0,51088,1471
32771.9,86101,24669
40958.2,66521,131804
41223.4,159062,71572
18844.9,72076,168211
30064.1,11512,182320
35747.5,71873,163910
19442.1,149993,215829
18766.7,188227,123419
43130.2,165737,119139
30355.6,124111,196591
40048.4,196761,143022
38347.3,10012,96871
18726.7,186990,40158
35782.1,46375,223069
21317.5,109988,218644
39314.2,14692,116228
34064.4,16338,82375
20456.4,142628,72739
42781.8,50903,171731
33472.9,4371,87206
39099.3,222358,82963
40623.0,44358,153838
36197.8,96011,135355
18357.1,174193,105689
28492.7,175039,175542
19549.4,50578,216281
37184.6,38669,191091
24719.2,45242,116234
19121.6,159522,52083
35355.7,107282,45342
34009.6,220757,219639
41715.5,81569,71765
32126.1,30858,89509
29749.6,219180,182528
20169.6,121374,23111
